run_id,run_name,class1,class2,class3,artifact_name,artifact_epoch,val_loss,val_accuracy
szho1whr,lunar-fog-886,ruddy_turnstone,missile,limpkin,X2ckWDhQvhqhE9s9sHQHWz_16.pth,16,0.6364981532096863,0.8436657786369324
szho1whr,lunar-fog-886,ruddy_turnstone,missile,limpkin,X2ckWDhQvhqhE9s9sHQHWz_71.pth,71,0.670303463935852,0.8463611602783203
r6ngg2rg,sleek-violet-882,canoe,Siamese_cat,red_wolf,CdFsrdFr4i7BWFyWxkbcxW_15.pth,15,0.31231555342674255,0.93028324842453
r6ngg2rg,sleek-violet-882,canoe,Siamese_cat,red_wolf,CdFsrdFr4i7BWFyWxkbcxW_40.pth,40,0.2745658159255981,0.9455337524414062
2w7d4cly,generous-totem-881,sewing_machine,breakwater,ant,hdCpNsybWUrJn9g6y7Ejnx_15.pth,15,0.43838822841644287,0.86481112241745
2w7d4cly,generous-totem-881,sewing_machine,breakwater,ant,hdCpNsybWUrJn9g6y7Ejnx_41.pth,41,0.4314104318618774,0.8836978077888489
sludh4ez,eager-eon-880,ruddy_turnstone,red_wolf,ant,K2vuCsQz8PzHyfYqcACSta_17.pth,17,0.63630211353302,0.8009708523750305
sludh4ez,eager-eon-880,ruddy_turnstone,red_wolf,ant,K2vuCsQz8PzHyfYqcACSta_40.pth,40,0.5788344740867615,0.8288834691047668
0bvki5bi,solar-brook-879,breakwater,pajama,running_shoe,JaCAqHYF4yrhzHd8U8S7ZW_11.pth,11,1.2056394815444946,0.6959208846092224
0bvki5bi,solar-brook-879,breakwater,pajama,running_shoe,JaCAqHYF4yrhzHd8U8S7ZW_42.pth,42,0.6095767617225647,0.8294190168380737
vjc6ws4w,twilight-durian-878,dock,mashed_potato,necklace,gfXGQD5Qeen3PBnnkLuNVW_10.pth,10,0.5338705778121948,0.8258345723152161
vjc6ws4w,twilight-durian-878,dock,mashed_potato,necklace,gfXGQD5Qeen3PBnnkLuNVW_40.pth,40,0.3209771811962127,0.9114658832550048
zzycpsuv,confused-donkey-877,trombone,Appenzeller,missile,J8SgJRcP3hQcuoQ7nXk4CE_13.pth,13,0.5686168670654297,0.8566493988037109
zzycpsuv,confused-donkey-877,trombone,Appenzeller,missile,J8SgJRcP3hQcuoQ7nXk4CE_80.pth,80,0.5845645666122437,0.8808290362358093
5510bq3l,wise-bird-876,pick,lesser_panda,carpenter's_kit,DEJjxDxrjbMNVTE2vEpfXW_14.pth,14,0.5129858255386353,0.8511450290679932
5510bq3l,wise-bird-876,pick,lesser_panda,carpenter's_kit,DEJjxDxrjbMNVTE2vEpfXW_54.pth,54,0.887004017829895,0.8282442688941956
8ouacjc7,peachy-voice-875,paddle,police_van,Appenzeller,SG2EE8UAt9Erfum2zCrCyN_10.pth,10,0.3348067104816437,0.888198733329773
8ouacjc7,peachy-voice-875,paddle,police_van,Appenzeller,SG2EE8UAt9Erfum2zCrCyN_57.pth,57,0.3000353276729584,0.9254658222198486
im841uhr,scarlet-sponge-874,planetarium,breakwater,necklace,nhZQRUeoW6euahtgW439BD_13.pth,13,0.7270390391349792,0.7994310259819031
im841uhr,scarlet-sponge-874,planetarium,breakwater,necklace,nhZQRUeoW6euahtgW439BD_52.pth,52,0.5426737666130066,0.896159291267395
1yworheb,polar-snowball-873,wire-haired_fox_terrier,pick,maillot,XSEbx4vh9b28kacGLnaFts_16.pth,16,0.7866901755332947,0.800000011920929
1yworheb,polar-snowball-873,wire-haired_fox_terrier,pick,maillot,XSEbx4vh9b28kacGLnaFts_55.pth,55,0.9352347254753112,0.8083333373069763
8aylj5fs,vivid-fog-872,red_wolf,canoe,trombone,JgCHsYBeFkvR4UwLAC5QGi_12.pth,12,0.827535092830658,0.7821158766746521
8aylj5fs,vivid-fog-872,red_wolf,canoe,trombone,JgCHsYBeFkvR4UwLAC5QGi_33.pth,33,0.5424679517745972,0.8501259684562683
j6vix95e,sparkling-armadillo-871,mashed_potato,chambered_nautilus,Appenzeller,9TR8na9oGn72bzwhUpwtL9_9.pth,9,1.2100237607955933,0.7018348574638367
j6vix95e,sparkling-armadillo-871,mashed_potato,chambered_nautilus,Appenzeller,9TR8na9oGn72bzwhUpwtL9_60.pth,60,0.3940142393112182,0.8807339668273926
pb9wnma7,spring-snow-870,vizsla,chambered_nautilus,Airedale,JXsy7jgKXtKGDUTneqdczk_18.pth,18,0.32020533084869385,0.9051987528800964
pb9wnma7,spring-snow-870,vizsla,chambered_nautilus,Airedale,JXsy7jgKXtKGDUTneqdczk_49.pth,49,0.3477442264556885,0.9143730998039246
zoyfnedu,absurd-wood-869,police_van,acoustic_guitar,crash_helmet,FtgmPkdKRL5gQFbFF8TEgZ_9.pth,9,0.7542365193367004,0.7746948003768921
zoyfnedu,absurd-wood-869,police_van,acoustic_guitar,crash_helmet,FtgmPkdKRL5gQFbFF8TEgZ_46.pth,46,1.9080308675765991,0.7081021070480347
oxqb6u6p,whole-frost-868,Siamese_cat,red_wolf,Ibizan_hound,DovCaM9nKhNxjEirQSetcz_16.pth,16,7.347799737544847e-07,1.0
oxqb6u6p,whole-frost-868,Siamese_cat,red_wolf,Ibizan_hound,DovCaM9nKhNxjEirQSetcz_64.pth,64,8.992077482616878e-08,1.0
ch5piehh,easy-thunder-867,sea_slug,barometer,chimpanzee,XLUNH7L9TavD72KhxCgP8o_18.pth,18,0.5039267539978027,0.8701161742210388
ch5piehh,easy-thunder-867,sea_slug,barometer,chimpanzee,XLUNH7L9TavD72KhxCgP8o_35.pth,35,0.4776639938354492,0.8775079250335693
kkv2g1lw,blooming-surf-866,carpenter's_kit,red_wolf,limpkin,9smmzeFZbNFhwie2YJKR72_12.pth,12,0.4833647310733795,0.8387096524238586
kkv2g1lw,blooming-surf-866,carpenter's_kit,red_wolf,limpkin,9smmzeFZbNFhwie2YJKR72_73.pth,73,0.4446613490581513,0.9061583280563354
inyq2wry,logical-cherry-865,schooner,Appenzeller,Siamese_cat,jTHyVRmwsRcEyCCu3UoKZ9_13.pth,13,0.00014303693023975939,1.0
inyq2wry,logical-cherry-865,schooner,Appenzeller,Siamese_cat,jTHyVRmwsRcEyCCu3UoKZ9_53.pth,53,9.08500733203e-05,1.0
i4hhm4gy,feasible-frost-864,red_wolf,indigo_bunting,lesser_panda,WoXeB8oxcvem6QY6VKczNt_9.pth,9,0.598396360874176,0.8743961453437805
i4hhm4gy,feasible-frost-864,red_wolf,indigo_bunting,lesser_panda,WoXeB8oxcvem6QY6VKczNt_49.pth,49,0.2529102265834808,0.9420289993286132
o2fgog5l,splendid-music-863,running_shoe,sewing_machine,Ibizan_hound,jiPVeg3WjPMqBmtHkScSqV_11.pth,11,0.605871856212616,0.7903448343276978
o2fgog5l,splendid-music-863,running_shoe,sewing_machine,Ibizan_hound,jiPVeg3WjPMqBmtHkScSqV_38.pth,38,0.650713324546814,0.8041379451751709
jfkgstdw,efficient-firebrand-862,police_van,breakwater,Ibizan_hound,kreUBxbyCK6eedqGD7bcXu_18.pth,18,0.32533499598503113,0.9298596978187561
jfkgstdw,efficient-firebrand-862,police_van,breakwater,Ibizan_hound,kreUBxbyCK6eedqGD7bcXu_34.pth,34,0.3550423383712768,0.9278557300567628
hc441h1f,major-vortex-861,tow_truck,Ibizan_hound,canoe,CMyzU2mcqjLmZVitRzH2sN_15.pth,15,0.48633378744125366,0.8721649646759033
hc441h1f,major-vortex-861,tow_truck,Ibizan_hound,canoe,CMyzU2mcqjLmZVitRzH2sN_36.pth,36,0.8594160079956055,0.8474226593971252
qduy571e,dry-blaze-860,borzoi,bolete,sewing_machine,5nfUgTZvKhQjG8DTwVJbP7_16.pth,16,0.520118772983551,0.8366914391517639
qduy571e,dry-blaze-860,borzoi,bolete,sewing_machine,5nfUgTZvKhQjG8DTwVJbP7_29.pth,29,0.5454190373420715,0.8345705270767212
tbs9alqk,valiant-bush-859,vizsla,red_wolf,schooner,GZ7JDArJZqKQXfCGSwhPg6_9.pth,9,3.0453176498413086,0.5195767283439636
tbs9alqk,valiant-bush-859,vizsla,red_wolf,schooner,GZ7JDArJZqKQXfCGSwhPg6_45.pth,45,0.6469333171844482,0.8105819821357727
q9lpffbt,giddy-voice-858,missile,necklace,borzoi,9sxSiEgeEj3KnydkRRsNGk_14.pth,14,0.5316740274429321,0.8460490703582764
q9lpffbt,giddy-voice-858,missile,necklace,borzoi,9sxSiEgeEj3KnydkRRsNGk_43.pth,43,0.7437437176704407,0.8310626745223999
go4zt86d,treasured-dust-857,canoe,ant,police_van,TxvtnG7EoG6PAG4vh5zVcH_17.pth,17,0.40560683608055115,0.8948686122894287
go4zt86d,treasured-dust-857,canoe,ant,police_van,TxvtnG7EoG6PAG4vh5zVcH_42.pth,42,0.942091941833496,0.8260325193405151
5i8s1nh9,stilted-wind-856,otterhound,barn_spider,Airedale,gTktQtuvN93q7ug3FmXv9p_12.pth,12,0.383392870426178,0.8859649300575256
5i8s1nh9,stilted-wind-856,otterhound,barn_spider,Airedale,gTktQtuvN93q7ug3FmXv9p_73.pth,73,0.6026950478553772,0.859649121761322
eb8l4di0,playful-universe-855,vacuum,tow_truck,bolete,E5WVwgyxckYqx9JdjuM69d_10.pth,10,0.4637351334095001,0.8576233386993408
eb8l4di0,playful-universe-855,vacuum,tow_truck,bolete,E5WVwgyxckYqx9JdjuM69d_71.pth,71,0.5556073784828186,0.9125560522079468
0wf7jej3,devoted-river-854,Angora,barn_spider,Airedale,74wGffZLBqdUcuWjM2v35k_11.pth,11,6.294534250628203e-05,1.0
0wf7jej3,devoted-river-854,Angora,barn_spider,Airedale,74wGffZLBqdUcuWjM2v35k_43.pth,43,3.45254484273e-05,1.0
vypzcnfc,leafy-elevator-853,indigo_bunting,black_and_gold_garden_spider,chambered_nautilus,oEaDvAUgHxv6BaasCFys9h_10.pth,10,0.36597326397895813,0.9110429286956787
vypzcnfc,leafy-elevator-853,indigo_bunting,black_and_gold_garden_spider,chambered_nautilus,oEaDvAUgHxv6BaasCFys9h_44.pth,44,0.2166458517313003,0.9355828166007996
itw2s29a,solar-deluge-852,barn_spider,Angora,Airedale,SeXoK3rB9QnyGveVQyARZg_10.pth,10,0.0,1.0
itw2s29a,solar-deluge-852,barn_spider,Angora,Airedale,SeXoK3rB9QnyGveVQyARZg_80.pth,80,0.0,1.0
csfxkk6b,ethereal-wildflower-851,vacuum,ruddy_turnstone,Siamese_cat,bG3Kpod2HWjSm8Qor9QFP4_10.pth,10,0.41360577940940857,0.8883248567581177
csfxkk6b,ethereal-wildflower-851,vacuum,ruddy_turnstone,Siamese_cat,bG3Kpod2HWjSm8Qor9QFP4_71.pth,71,0.3838942348957062,0.9492385983467102
k34yrlp7,woven-silence-850,planetarium,acoustic_guitar,limpkin,an7RCDgfRCBXiqJgTRyzum_14.pth,14,0.5774011611938477,0.8653610944747925
k34yrlp7,woven-silence-850,planetarium,acoustic_guitar,limpkin,an7RCDgfRCBXiqJgTRyzum_42.pth,42,0.5144405961036682,0.895960807800293
69td3tkd,ancient-flower-849,mashed_potato,mixing_bowl,vacuum,aNQTewCi4mLqkUSqWoyCLR_10.pth,10,0.7797907590866089,0.7271648645401001
69td3tkd,ancient-flower-849,mashed_potato,mixing_bowl,vacuum,aNQTewCi4mLqkUSqWoyCLR_65.pth,65,0.8703159093856812,0.8149465918540955
6l08n2vu,fluent-brook-848,paddle,maillot,mud_turtle,LsZfM4xpjeSwBKE97YsPYh_14.pth,14,1.165554165840149,0.7070175409317017
6l08n2vu,fluent-brook-848,paddle,maillot,mud_turtle,LsZfM4xpjeSwBKE97YsPYh_51.pth,51,1.6365121603012085,0.7719298005104065
ieaefkgv,chocolate-oath-847,ant,Siamese_cat,vacuum,R6e2P27BVSPjSqApeetqms_15.pth,15,0.4248766005039215,0.8575757741928101
ieaefkgv,chocolate-oath-847,ant,Siamese_cat,vacuum,R6e2P27BVSPjSqApeetqms_63.pth,63,0.4758710563182831,0.8590909242630005
ifaxlqdp,fresh-planet-846,black_and_gold_garden_spider,mixing_bowl,crash_helmet,Xi4JMXoyYRzZEfrzZeVwoi_11.pth,11,0.5768163204193115,0.8365384340286255
ifaxlqdp,fresh-planet-846,black_and_gold_garden_spider,mixing_bowl,crash_helmet,Xi4JMXoyYRzZEfrzZeVwoi_54.pth,54,0.6174662113189697,0.8502747416496277
eymlhazw,lilac-elevator-845,necklace,breakwater,trombone,REsuQksyLS4f8pPA9VVZf3_10.pth,10,0.7623321413993835,0.8132250308990479
eymlhazw,lilac-elevator-845,necklace,breakwater,trombone,REsuQksyLS4f8pPA9VVZf3_27.pth,27,0.4805646538734436,0.8515081405639648
18cn2s7r,whole-shadow-844,barn_spider,pug,breakwater,49v9QR96XYmZTZGGSYMH3R_13.pth,13,0.6493143439292908,0.8484848737716675
18cn2s7r,whole-shadow-844,barn_spider,pug,breakwater,49v9QR96XYmZTZGGSYMH3R_65.pth,65,0.8576680421829224,0.8848484754562378
1h73fmoq,smooth-disco-843,breakwater,running_shoe,mixing_bowl,Zv75Csiwwb54zBHRDrN3oP_13.pth,13,0.6404815912246704,0.8271308541297913
1h73fmoq,smooth-disco-843,breakwater,running_shoe,mixing_bowl,Zv75Csiwwb54zBHRDrN3oP_52.pth,52,0.646938681602478,0.831932783126831
sdpb37qb,bumbling-dust-842,pajama,schooner,black_and_gold_garden_spider,CXtXJiN2cFEZHdCirVsdMa_15.pth,15,0.5638965368270874,0.9179856181144714
sdpb37qb,bumbling-dust-842,pajama,schooner,black_and_gold_garden_spider,CXtXJiN2cFEZHdCirVsdMa_71.pth,71,0.6612446308135986,0.9035971164703368
bpy4hbal,dazzling-sky-841,indigo_bunting,mashed_potato,vizsla,bbQQwLdi7KpKoSFby2Cr7a_9.pth,9,0.38909560441970825,0.8841025829315186
bpy4hbal,dazzling-sky-841,indigo_bunting,mashed_potato,vizsla,bbQQwLdi7KpKoSFby2Cr7a_43.pth,43,0.3487861156463623,0.9138461351394652
x1nkz12k,eager-wood-840,Siamese_cat,indigo_bunting,strawberry,CjXttTqqGsEtppEXwYXWYU_17.pth,17,0.07311642915010452,0.9783783555030823
x1nkz12k,eager-wood-840,Siamese_cat,indigo_bunting,strawberry,CjXttTqqGsEtppEXwYXWYU_47.pth,47,0.0884569063782692,0.9783783555030824
ca31ekcs,bright-durian-839,dock,schooner,sea_slug,YUFBKvj3hCGAQPRuwMP9Ho_13.pth,13,0.3944222331047058,0.8873403072357178
ca31ekcs,bright-durian-839,dock,schooner,sea_slug,YUFBKvj3hCGAQPRuwMP9Ho_36.pth,36,0.4084717929363251,0.8943089246749878
y0w8bzkc,lively-blaze-838,pick,barn_spider,borzoi,nThzn4bvvZBmTJH7kkNyCs_14.pth,14,0.7303134799003601,0.7702479362487793
y0w8bzkc,lively-blaze-838,pick,barn_spider,borzoi,nThzn4bvvZBmTJH7kkNyCs_68.pth,68,0.7000555396080017,0.7983471155166626
9snhdl7e,classic-plasma-837,schooner,red_wolf,chambered_nautilus,Mu6KamhPiXzWWHpZzE64vL_9.pth,9,9.160295486450195,0.3954887092113495
9snhdl7e,classic-plasma-837,schooner,red_wolf,chambered_nautilus,Mu6KamhPiXzWWHpZzE64vL_42.pth,42,1.0099338293075562,0.800000011920929
9xooxmgs,wild-planet-836,carpenter's_kit,cellular_telephone,bolete,DXHL6r2rgkrbjSqzVJRiXb_10.pth,10,0.6859170794487,0.8037267327308655
9xooxmgs,wild-planet-836,carpenter's_kit,cellular_telephone,bolete,DXHL6r2rgkrbjSqzVJRiXb_53.pth,53,0.712770402431488,0.8223602771759033
xgf8ngln,different-capybara-835,breakwater,Ibizan_hound,Angora,VDeEcKoGqARAdn74vHFn55_11.pth,11,0.0,1.0
xgf8ngln,different-capybara-835,breakwater,Ibizan_hound,Angora,VDeEcKoGqARAdn74vHFn55_45.pth,45,0.0,1.0
h8j6nzbf,revived-energy-834,paddle,indigo_bunting,tow_truck,fctoF5rRP9LymXSPdNaHXX_14.pth,14,0.3015560507774353,0.903820812702179
h8j6nzbf,revived-energy-834,paddle,indigo_bunting,tow_truck,fctoF5rRP9LymXSPdNaHXX_43.pth,43,2.0039334297180176,0.7180500626564026
svpg3zz0,electric-fire-833,soft-coated_wheaten_terrier,barn_spider,limpkin,HCMWZDBGY4mpUeg5VAoYu2_14.pth,14,0.685960590839386,0.7792022824287415
svpg3zz0,electric-fire-833,soft-coated_wheaten_terrier,barn_spider,limpkin,HCMWZDBGY4mpUeg5VAoYu2_43.pth,43,1.8194116353988647,0.7635327577590942
i8f11p9k,fanciful-frost-832,cellular_telephone,borzoi,Appenzeller,PpbtkMi5v6GttVPH2r7hbJ_10.pth,10,0.6229183673858643,0.8102766871452332
i8f11p9k,fanciful-frost-832,cellular_telephone,borzoi,Appenzeller,PpbtkMi5v6GttVPH2r7hbJ_51.pth,51,0.7315788269042969,0.8339921236038208
htwu95p5,curious-water-831,wire-haired_fox_terrier,chimpanzee,vizsla,3cwgpVQUXtHQJ5tyV3QQzZ_18.pth,18,1.263730525970459,0.7531428337097168
htwu95p5,curious-water-831,wire-haired_fox_terrier,chimpanzee,vizsla,3cwgpVQUXtHQJ5tyV3QQzZ_42.pth,42,1.6165757179260254,0.7531428337097168
c8aka8l2,glorious-hill-830,missile,Siamese_cat,barn_spider,KMuAmFvaUZfHKW4vGU38rc_18.pth,18,1.4274470806121826,0.8091602921485901
c8aka8l2,glorious-hill-830,missile,Siamese_cat,barn_spider,KMuAmFvaUZfHKW4vGU38rc_64.pth,64,0.4688379764556885,0.8600509166717529
9qbozgqw,legendary-oath-829,Angora,paddle,canoe,RFUf6QdFSLgyA4LswvLjpm_15.pth,15,1.2500464916229248,0.6326963901519775
9qbozgqw,legendary-oath-829,Angora,paddle,canoe,RFUf6QdFSLgyA4LswvLjpm_50.pth,50,2.311353921890259,0.6157112717628479
q1yt7efr,youthful-serenity-828,otterhound,mud_turtle,trombone,o54mX95rMPB6UjHYvaH8WE_16.pth,16,0.4781555235385895,0.837479293346405
q1yt7efr,youthful-serenity-828,otterhound,mud_turtle,trombone,o54mX95rMPB6UjHYvaH8WE_50.pth,50,0.6068412065505981,0.837479293346405
k6i2eejd,crimson-lake-827,planetarium,trombone,missile,LabMnCH8W6suQMhKEdu5w9_10.pth,10,0.7676416635513306,0.7248677015304565
k6i2eejd,crimson-lake-827,planetarium,trombone,missile,LabMnCH8W6suQMhKEdu5w9_60.pth,60,1.229749321937561,0.7751322984695435
wpe3nnrf,rare-lion-826,mud_turtle,limpkin,acoustic_guitar,KTWGFqH89DESusufmyme2e_16.pth,16,0.6484611630439758,0.8115941882133484
wpe3nnrf,rare-lion-826,mud_turtle,limpkin,acoustic_guitar,KTWGFqH89DESusufmyme2e_49.pth,49,0.7117953300476074,0.8550724387168884
agylqnpa,prime-bird-825,vacuum,wire-haired_fox_terrier,sewing_machine,8tBmCUcY7mkARxhWqLpVVn_9.pth,9,0.9745987057685852,0.6807511448860168
agylqnpa,prime-bird-825,vacuum,wire-haired_fox_terrier,sewing_machine,8tBmCUcY7mkARxhWqLpVVn_65.pth,65,1.0196421146392822,0.7230046987533569
gpquay8a,light-totem-824,ant,breakwater,vacuum,9J5sx87k9M3wjEfLkvPKAj_9.pth,9,0.4754859209060669,0.847660481929779
gpquay8a,light-totem-824,ant,breakwater,vacuum,9J5sx87k9M3wjEfLkvPKAj_33.pth,33,0.4791775345802307,0.8944504857063293
72p2biab,lunar-yogurt-823,lesser_panda,crash_helmet,dock,PB4sXrDNSe7KPrpvW6XSsG_12.pth,12,0.5995339751243591,0.855091392993927
72p2biab,lunar-yogurt-823,lesser_panda,crash_helmet,dock,PB4sXrDNSe7KPrpvW6XSsG_30.pth,30,0.3894470036029816,0.8785901069641113
yudf3d43,fanciful-dawn-822,otterhound,sewing_machine,mashed_potato,X2WQQPPRRGXop3KLCToamn_11.pth,11,0.3320719599723816,0.9327957034111023
yudf3d43,fanciful-dawn-822,otterhound,sewing_machine,mashed_potato,X2WQQPPRRGXop3KLCToamn_54.pth,54,0.437870055437088,0.9287634491920472
0nsqw09f,chocolate-valley-821,mixing_bowl,sea_slug,chimpanzee,ST6wrngArCUwscgr8V8tcr_9.pth,9,0.6413212418556213,0.8055555820465088
0nsqw09f,chocolate-valley-821,mixing_bowl,sea_slug,chimpanzee,ST6wrngArCUwscgr8V8tcr_53.pth,53,0.4799390137195587,0.8710317611694336
cojco16x,playful-frost-820,carpenter's_kit,chimpanzee,pick,QXdG7p9nf2izTPHguyNGp6_17.pth,17,0.6651697754859924,0.8106666803359985
cojco16x,playful-frost-820,carpenter's_kit,chimpanzee,pick,QXdG7p9nf2izTPHguyNGp6_56.pth,56,0.649038553237915,0.8306666612625122
0vv2r1ur,eager-oath-819,acoustic_guitar,pajama,paddle,7f9XZaGrAtWt7MnEeD69Dv_13.pth,13,0.9781732559204102,0.7195945978164673
0vv2r1ur,eager-oath-819,acoustic_guitar,pajama,paddle,7f9XZaGrAtWt7MnEeD69Dv_25.pth,25,0.9324465990066528,0.7454954981803894
gcs33txr,floral-star-818,trombone,red_wolf,wire-haired_fox_terrier,kXJE295EMK2p4e2FCwt4kM_9.pth,9,0.5153331756591797,0.7937685251235962
gcs33txr,floral-star-818,trombone,red_wolf,wire-haired_fox_terrier,kXJE295EMK2p4e2FCwt4kM_48.pth,48,0.5636923313140869,0.8649851679801941
tus18ead,playful-wood-817,necklace,cellular_telephone,Ibizan_hound,JUe5GCiHLcDGmAdUYk62Bt_11.pth,11,0.8299335241317749,0.7341772317886353
tus18ead,playful-wood-817,necklace,cellular_telephone,Ibizan_hound,JUe5GCiHLcDGmAdUYk62Bt_56.pth,56,0.4945510327816009,0.8336347341537476
b8e81mix,glowing-bee-816,schooner,otterhound,mixing_bowl,oQhStJ7uC7yweJBod522xG_18.pth,18,0.5850732922554016,0.8781725764274597
b8e81mix,glowing-bee-816,schooner,otterhound,mixing_bowl,oQhStJ7uC7yweJBod522xG_62.pth,62,0.5725435614585876,0.8866328001022339
jgsp31qk,leafy-shape-815,Ibizan_hound,ant,pick,aYnckfVaiKdPETf3WdTrma_18.pth,18,0.6184372305870056,0.8268551230430603
jgsp31qk,leafy-shape-815,Ibizan_hound,ant,pick,aYnckfVaiKdPETf3WdTrma_66.pth,66,1.004867672920227,0.7950530052185059
r4d7k7j7,azure-spaceship-814,mud_turtle,chimpanzee,trombone,DoRBppSmaXQfLf4GppGwub_13.pth,13,0.7036905288696289,0.7961165308952332
r4d7k7j7,azure-spaceship-814,mud_turtle,chimpanzee,trombone,DoRBppSmaXQfLf4GppGwub_58.pth,58,0.7938839197158813,0.8009708523750305
1t9k72aq,rich-waterfall-813,pug,maillot,chimpanzee,gjF7VAQFpvjim3aKehzGKx_13.pth,13,1.1005254983901978,0.6975398063659668
1t9k72aq,rich-waterfall-813,pug,maillot,chimpanzee,gjF7VAQFpvjim3aKehzGKx_59.pth,59,0.8962169289588928,0.7612156271934509
s6xiphj0,clear-serenity-812,paddle,ant,trombone,QPKFV97sA8BaT24j8iXRdW_13.pth,13,0.8959951400756836,0.7450549602508545
s6xiphj0,clear-serenity-812,paddle,ant,trombone,QPKFV97sA8BaT24j8iXRdW_55.pth,55,1.645081639289856,0.7747252583503723
wuhlfcj5,fast-energy-811,tow_truck,trombone,canoe,DRutAaH9Eh8mBtAoCDceix_15.pth,15,1.2034249305725098,0.8012195229530334
wuhlfcj5,fast-energy-811,tow_truck,trombone,canoe,DRutAaH9Eh8mBtAoCDceix_29.pth,29,0.8960502743721008,0.8329268097877502
yls5uvxp,spring-mountain-810,cellular_telephone,American_lobster,mashed_potato,NK7kaT7YCJ8s6MmVazTxkH_13.pth,13,0.325007826089859,0.9250936508178711
yls5uvxp,spring-mountain-810,cellular_telephone,American_lobster,mashed_potato,NK7kaT7YCJ8s6MmVazTxkH_52.pth,52,0.304076224565506,0.9307116270065308
liuetntr,warm-grass-809,maillot,acoustic_guitar,trombone,GWMJSEZhGNvTMkVcvNwG5v_11.pth,11,1.185520887374878,0.6932725310325623
liuetntr,warm-grass-809,maillot,acoustic_guitar,trombone,GWMJSEZhGNvTMkVcvNwG5v_59.pth,59,0.9364002346992492,0.7571265697479248
vg23cvws,firm-silence-808,black_and_gold_garden_spider,police_van,wire-haired_fox_terrier,BwvExibEFuS4RgJDRzpW93_14.pth,14,0.26972851157188416,0.9330922365188599
vg23cvws,firm-silence-808,black_and_gold_garden_spider,police_van,wire-haired_fox_terrier,BwvExibEFuS4RgJDRzpW93_48.pth,48,4.789185047149658,0.4990958273410797
msnp8ktm,leafy-darkness-807,bolete,mashed_potato,sea_slug,KG98rSt2zyy8BcAYezcqV3_13.pth,13,0.6439836025238037,0.7955911755561829
msnp8ktm,leafy-darkness-807,bolete,mashed_potato,sea_slug,KG98rSt2zyy8BcAYezcqV3_46.pth,46,0.6780842542648315,0.820641279220581
d2czs756,helpful-forest-806,cellular_telephone,ruddy_turnstone,soft-coated_wheaten_terrier,UViHB9GsShszA8qJRhTv74_13.pth,13,0.9584492444992065,0.7273781895637512
d2czs756,helpful-forest-806,cellular_telephone,ruddy_turnstone,soft-coated_wheaten_terrier,UViHB9GsShszA8qJRhTv74_39.pth,39,0.3938842415809631,0.907192587852478
agtam1a6,quiet-thunder-805,pug,red_wolf,carpenter's_kit,3RBa4FW9rJxkHZgRYatiKF_9.pth,9,0.9487572908401489,0.7521489858627319
agtam1a6,quiet-thunder-805,pug,red_wolf,carpenter's_kit,3RBa4FW9rJxkHZgRYatiKF_26.pth,26,0.8227063417434692,0.7893982529640198
4bt8jkml,balmy-sea-804,mashed_potato,crash_helmet,mud_turtle,nXt9E3VYKjEH5Hf4WzWDYq_14.pth,14,0.89332115650177,0.8474820256233215
4bt8jkml,balmy-sea-804,mashed_potato,crash_helmet,mud_turtle,nXt9E3VYKjEH5Hf4WzWDYq_59.pth,59,0.7344807982444763,0.8776978254318237
0ymjjjbh,vibrant-donkey-803,barometer,maillot,ant,DPb3UhyPvRcdwpTc25Cv6m_15.pth,15,9.971147537231445,0.3397625982761383
0ymjjjbh,vibrant-donkey-803,barometer,maillot,ant,DPb3UhyPvRcdwpTc25Cv6m_64.pth,64,10.311925888061523,0.4035608172416687
di7jwszv,light-microwave-802,strawberry,crash_helmet,mashed_potato,HVf9LroAysMkt8RrMepoZm_13.pth,13,0.30766579508781433,0.9002493619918823
di7jwszv,light-microwave-802,strawberry,crash_helmet,mashed_potato,HVf9LroAysMkt8RrMepoZm_59.pth,59,0.4427977800369262,0.8940149545669556
tbxasi4t,icy-paper-801,lesser_panda,ruddy_turnstone,soft-coated_wheaten_terrier,4c8hscuYMm6pzMDWN7XreF_9.pth,9,0.39440375566482544,0.8874316811561584
tbxasi4t,icy-paper-801,lesser_panda,ruddy_turnstone,soft-coated_wheaten_terrier,4c8hscuYMm6pzMDWN7XreF_41.pth,41,0.3821825981140136,0.9289617538452148
pa1k2dev,bumbling-sun-800,pug,ruddy_turnstone,pajama,ij6DqJPAQ5dea5RkjwGdXD_11.pth,11,0.47275811433792114,0.8715232014656067
pa1k2dev,bumbling-sun-800,pug,ruddy_turnstone,pajama,ij6DqJPAQ5dea5RkjwGdXD_60.pth,60,1.371631383895874,0.868874192237854
fc72064y,charmed-pyramid-799,police_van,canoe,Appenzeller,VZh4UajZyVpuP4PK2AqUTM_17.pth,17,0.7077110409736633,0.8354700803756714
fc72064y,charmed-pyramid-799,police_van,canoe,Appenzeller,VZh4UajZyVpuP4PK2AqUTM_77.pth,77,0.3047305345535278,0.95085471868515
qred8np3,lively-bee-798,mud_turtle,pick,wire-haired_fox_terrier,hPNVzHvGdWZEqxBs8ciZEN_10.pth,10,0.766986072063446,0.7622641324996948
qred8np3,lively-bee-798,mud_turtle,pick,wire-haired_fox_terrier,hPNVzHvGdWZEqxBs8ciZEN_40.pth,40,0.4646675586700439,0.8698112964630127
mkj9hcuq,ancient-planet-797,Airedale,barometer,dock,bjKodJzJtGJZ8i8HgeRu5z_9.pth,9,0.199831023812294,0.938829779624939
mkj9hcuq,ancient-planet-797,Airedale,barometer,dock,bjKodJzJtGJZ8i8HgeRu5z_76.pth,76,0.17904993891716,0.957446813583374
u2wt55g8,denim-night-796,Airedale,tow_truck,indigo_bunting,5hWf6SGb6Qw8FYTtkYEjvr_9.pth,9,0.25786006450653076,0.9418604373931885
u2wt55g8,denim-night-796,Airedale,tow_truck,indigo_bunting,5hWf6SGb6Qw8FYTtkYEjvr_49.pth,49,0.1279705166816711,0.96705424785614
len3tv45,hardy-haze-795,cellular_telephone,pick,canoe,Dp83sWK77kzS9gvt3MziP6_14.pth,14,1.2942380905151367,0.7269076108932495
len3tv45,hardy-haze-795,cellular_telephone,pick,canoe,Dp83sWK77kzS9gvt3MziP6_39.pth,39,1.2348812818527222,0.7550200819969177
l7iwnz17,copper-surf-794,vizsla,Appenzeller,trombone,kBEUBLze6z2FYgAZxs8XMy_17.pth,17,0.2632405757904053,0.9413965344429016
l7iwnz17,copper-surf-794,vizsla,Appenzeller,trombone,kBEUBLze6z2FYgAZxs8XMy_67.pth,67,0.3797428905963897,0.9164588451385498
385y9my4,glorious-darkness-793,barometer,chimpanzee,vizsla,Xafqw4sxp2JgfSAp3KpXFd_18.pth,18,0.6244141459465027,0.8516992926597595
385y9my4,glorious-darkness-793,barometer,chimpanzee,vizsla,Xafqw4sxp2JgfSAp3KpXFd_48.pth,48,0.554701030254364,0.8599382042884827
rjd87xqq,resilient-cosmos-792,vizsla,cellular_telephone,breakwater,HVds7sXLqHUv2vZUi9GGUA_13.pth,13,0.5108445882797241,0.8465346693992615
rjd87xqq,resilient-cosmos-792,vizsla,cellular_telephone,breakwater,HVds7sXLqHUv2vZUi9GGUA_80.pth,80,0.5235357880592346,0.8534653186798096
qg2kpxuc,hearty-pond-791,red_wolf,soft-coated_wheaten_terrier,limpkin,8adQPRC3tvzsaqAyyDcBGC_9.pth,9,0.7882276773452759,0.7525510191917419
qg2kpxuc,hearty-pond-791,red_wolf,soft-coated_wheaten_terrier,limpkin,8adQPRC3tvzsaqAyyDcBGC_51.pth,51,1.9277756214141848,0.7984693646430969
62mk7rfg,summer-thunder-790,planetarium,schooner,strawberry,GZC2GBkrQ9SAfihhhW2G8o_10.pth,10,0.5052305459976196,0.8205841183662415
62mk7rfg,summer-thunder-790,planetarium,schooner,strawberry,GZC2GBkrQ9SAfihhhW2G8o_41.pth,41,0.1422721892595291,0.9652295112609864
ayifadsq,noble-firebrand-789,acoustic_guitar,barn_spider,Airedale,WsQ6vEQbQaJdK7ZEDvZnGw_9.pth,9,0.40321671962738037,0.9148550629615784
ayifadsq,noble-firebrand-789,acoustic_guitar,barn_spider,Airedale,WsQ6vEQbQaJdK7ZEDvZnGw_60.pth,60,0.3306383490562439,0.9311594367027284
sfk2edlc,glad-night-788,canoe,Ibizan_hound,trombone,KBPVYcYAoRAwiS5frE9Nbt_14.pth,14,0.6780444383621216,0.8117229342460632
sfk2edlc,glad-night-788,canoe,Ibizan_hound,trombone,KBPVYcYAoRAwiS5frE9Nbt_37.pth,37,0.3360028266906738,0.8685612678527832
l1ataybl,vibrant-morning-787,Appenzeller,pajama,acoustic_guitar,eqxTpZRgSZ722o6sDomyN6_9.pth,9,0.4455387592315674,0.8837209343910217
l1ataybl,vibrant-morning-787,Appenzeller,pajama,acoustic_guitar,eqxTpZRgSZ722o6sDomyN6_52.pth,52,0.3397263586521148,0.9162790775299072
wpzhjs1j,logical-waterfall-786,planetarium,pajama,Ibizan_hound,2FM3SRRFyeuu6K2uUHA5Q6_16.pth,16,0.3105795681476593,0.9354066848754883
wpzhjs1j,logical-waterfall-786,planetarium,pajama,Ibizan_hound,2FM3SRRFyeuu6K2uUHA5Q6_57.pth,57,0.2691046297550201,0.9569377899169922
crk48p7c,peach-bird-785,acoustic_guitar,borzoi,barn_spider,Qf8p4cPZvmDsQVupoY2zQX_15.pth,15,0.5307087898254395,0.8850129246711731
crk48p7c,peach-bird-785,acoustic_guitar,borzoi,barn_spider,Qf8p4cPZvmDsQVupoY2zQX_80.pth,80,1.0600531101226809,0.8591731190681458
gbch3h4o,glad-darkness-784,mixing_bowl,Ibizan_hound,paddle,nBnLqJm2Zuv4C5eYQJq9pQ_13.pth,13,0.41522619128227234,0.8661417365074158
gbch3h4o,glad-darkness-784,mixing_bowl,Ibizan_hound,paddle,nBnLqJm2Zuv4C5eYQJq9pQ_35.pth,35,0.6592302322387695,0.8641732335090637
g6hyxkub,blooming-cosmos-783,strawberry,barometer,indigo_bunting,RPqwwLrsLZSDAC4p5ciArr_10.pth,10,0.16121353209018707,0.9446640610694885
g6hyxkub,blooming-cosmos-783,strawberry,barometer,indigo_bunting,RPqwwLrsLZSDAC4p5ciArr_65.pth,65,0.0579569265246391,0.9802371263504028
b3jcil29,volcanic-firefly-782,wire-haired_fox_terrier,barn_spider,trombone,JnUBJybhq2d8XuWsdu2Kk8_16.pth,16,0.6462495923042297,0.8291032314300537
b3jcil29,volcanic-firefly-782,wire-haired_fox_terrier,barn_spider,trombone,JnUBJybhq2d8XuWsdu2Kk8_35.pth,35,0.6774840950965881,0.8274111747741699
jcekoyzp,fragrant-fog-781,soft-coated_wheaten_terrier,barometer,sewing_machine,VRgDpgouDjNxW5ZNdFndR4_18.pth,18,0.6251589059829712,0.8311966061592102
jcekoyzp,fragrant-fog-781,soft-coated_wheaten_terrier,barometer,sewing_machine,VRgDpgouDjNxW5ZNdFndR4_29.pth,29,0.6671911478042603,0.8493589758872986
kjk7ftb9,royal-silence-780,soft-coated_wheaten_terrier,chimpanzee,American_lobster,ZwW8x8teSRVTKBFezQ7fWJ_10.pth,10,0.4930401146411896,0.8622366189956665
kjk7ftb9,royal-silence-780,soft-coated_wheaten_terrier,chimpanzee,American_lobster,ZwW8x8teSRVTKBFezQ7fWJ_36.pth,36,0.4798937737941742,0.8881685733795166
tt15ne29,genial-lake-779,borzoi,mashed_potato,necklace,E4zcNjchuwFwdiLTEshKaq_17.pth,17,2.4140095710754395,0.6197564005851746
tt15ne29,genial-lake-779,borzoi,mashed_potato,necklace,E4zcNjchuwFwdiLTEshKaq_28.pth,28,0.7323787808418274,0.8552097678184509
ofyp8rsq,mild-lion-778,American_lobster,lesser_panda,mixing_bowl,CTfMXTbW7oQ8643ZUgdzyU_13.pth,13,0.3159061074256897,0.9418604373931885
ofyp8rsq,mild-lion-778,American_lobster,lesser_panda,mixing_bowl,CTfMXTbW7oQ8643ZUgdzyU_40.pth,40,0.4213532209396362,0.9285714030265808
xio2ffh6,vibrant-thunder-777,borzoi,police_van,soft-coated_wheaten_terrier,cMmsv5uA6NW5rp23bcoxEb_11.pth,11,1.3032153844833374,0.6992287635803223
xio2ffh6,vibrant-thunder-777,borzoi,police_van,soft-coated_wheaten_terrier,cMmsv5uA6NW5rp23bcoxEb_38.pth,38,0.7852157950401306,0.7866324186325073
4p5xpumm,woven-microwave-776,pug,tow_truck,schooner,gVntScoZRxwhxNWLwheGNB_10.pth,10,0.9455636739730835,0.7711640000343323
4p5xpumm,woven-microwave-776,pug,tow_truck,schooner,gVntScoZRxwhxNWLwheGNB_52.pth,52,0.5819592475891113,0.8664020895957947
8u0qun5u,comfy-thunder-775,mashed_potato,mixing_bowl,sea_slug,LFGeG27j4oDkiEsNFbCVrt_14.pth,14,0.7359878420829773,0.7887029051780701
8u0qun5u,comfy-thunder-775,mashed_potato,mixing_bowl,sea_slug,LFGeG27j4oDkiEsNFbCVrt_39.pth,39,0.6021299362182617,0.8263598084449768
v9slwv6y,rose-breeze-774,vacuum,mixing_bowl,bolete,TS8Cn9UJjqWzZBhmve8GHV_11.pth,11,0.9260081052780151,0.7488889098167419
v9slwv6y,rose-breeze-774,vacuum,mixing_bowl,bolete,TS8Cn9UJjqWzZBhmve8GHV_57.pth,57,1.26707124710083,0.8233333230018616
r6ekfe4o,lyric-paper-773,ruddy_turnstone,planetarium,acoustic_guitar,VALVEYv6saYjKsyXRAZJAf_12.pth,12,0.2522276043891907,0.9143876433372498
r6ekfe4o,lyric-paper-773,ruddy_turnstone,planetarium,acoustic_guitar,VALVEYv6saYjKsyXRAZJAf_50.pth,50,0.3494486808776855,0.8965517282485962
egg8i1kn,drawn-oath-772,indigo_bunting,necklace,Angora,imSapfxravbCD8TQAFoK3K_13.pth,13,0.15121522545814514,0.9526515007019043
egg8i1kn,drawn-oath-772,indigo_bunting,necklace,Angora,imSapfxravbCD8TQAFoK3K_40.pth,40,0.0825739800930023,0.9772727489471436
929smerb,cool-cosmos-771,soft-coated_wheaten_terrier,sea_slug,canoe,a2y42oALpmuFdu6Qbpp9KY_9.pth,9,0.5458936095237732,0.8164300322532654
929smerb,cool-cosmos-771,soft-coated_wheaten_terrier,sea_slug,canoe,a2y42oALpmuFdu6Qbpp9KY_30.pth,30,0.9700891971588136,0.7920892238616943
x1cjsxbo,lyric-water-770,Angora,mashed_potato,Airedale,A253LKjvEvXDacuLtShbTz_17.pth,17,0.00023070529277902097,1.0
x1cjsxbo,lyric-water-770,Angora,mashed_potato,Airedale,A253LKjvEvXDacuLtShbTz_22.pth,22,0.0002466770529281,1.0
8wz8ybrs,glamorous-glitter-769,ruddy_turnstone,running_shoe,missile,euH5vUnC2hoQPDEtB6SeX2_9.pth,9,0.7454401254653931,0.7582821846008301
8wz8ybrs,glamorous-glitter-769,ruddy_turnstone,running_shoe,missile,euH5vUnC2hoQPDEtB6SeX2_65.pth,65,1.0788440704345703,0.8699386715888977
kdq1u76k,twilight-sunset-768,ruddy_turnstone,mud_turtle,chambered_nautilus,eHyrgo9wSPxjEwiPuH4BE8_14.pth,14,0.522441029548645,0.847484290599823
kdq1u76k,twilight-sunset-768,ruddy_turnstone,mud_turtle,chambered_nautilus,eHyrgo9wSPxjEwiPuH4BE8_74.pth,74,0.493787407875061,0.8632075190544128
mib60bz5,driven-deluge-767,sewing_machine,wire-haired_fox_terrier,Angora,e9XBCpFv3nqCPm29gieVuX_12.pth,12,0.23283040523529053,0.9541109204292297
mib60bz5,driven-deluge-767,sewing_machine,wire-haired_fox_terrier,Angora,e9XBCpFv3nqCPm29gieVuX_64.pth,64,0.2634886801242828,0.9502868056297302
gcux6ysr,spring-waterfall-766,sewing_machine,bolete,canoe,YitCFbZheEi4YGv5YUACT2_17.pth,17,0.565772533416748,0.8378947377204895
gcux6ysr,spring-waterfall-766,sewing_machine,bolete,canoe,YitCFbZheEi4YGv5YUACT2_53.pth,53,0.5725470781326294,0.8505263328552246
e901y15o,polished-sky-765,Airedale,otterhound,crash_helmet,6kp2LYVdFnKYvzaPFuZVS8_13.pth,13,0.3282164931297302,0.9317507147789001
e901y15o,polished-sky-765,Airedale,otterhound,crash_helmet,6kp2LYVdFnKYvzaPFuZVS8_57.pth,57,0.2685116827487945,0.8991097807884216
2k6oqr7d,hopeful-glitter-764,acoustic_guitar,mixing_bowl,borzoi,GAYBgJzRr5woVe8GTjW2Zv_10.pth,10,0.702707052230835,0.7966291904449463
2k6oqr7d,hopeful-glitter-764,acoustic_guitar,mixing_bowl,borzoi,GAYBgJzRr5woVe8GTjW2Zv_65.pth,65,0.7880662083625793,0.8044943809509277
zerrkcvn,decent-sun-763,ruddy_turnstone,pug,strawberry,DwcREF7KdyjjZVCWxkczua_18.pth,18,0.37041792273521423,0.8580247163772583
zerrkcvn,decent-sun-763,ruddy_turnstone,pug,strawberry,DwcREF7KdyjjZVCWxkczua_24.pth,24,0.2761584818363189,0.9111111164093018
mte8doim,fluent-violet-762,trombone,strawberry,necklace,XSf8wTdL8NBkaeFvVgC2We_16.pth,16,0.4415438771247864,0.8565072417259216
mte8doim,fluent-violet-762,trombone,strawberry,necklace,XSf8wTdL8NBkaeFvVgC2We_56.pth,56,0.4404482245445251,0.8776417970657349
an2st39s,magic-bush-761,trombone,mixing_bowl,chimpanzee,JRhLtbb9T7niJjWkUFnCiS_18.pth,18,0.5894540548324585,0.8077777624130249
an2st39s,magic-bush-761,trombone,mixing_bowl,chimpanzee,JRhLtbb9T7niJjWkUFnCiS_35.pth,35,0.4976736307144165,0.8833333253860474
v2bzosqh,major-lion-760,dock,black_and_gold_garden_spider,sea_slug,A95was3eizRrMRBw4Tivx3_12.pth,12,0.3671409487724304,0.9231707453727722
v2bzosqh,major-lion-760,dock,black_and_gold_garden_spider,sea_slug,A95was3eizRrMRBw4Tivx3_52.pth,52,0.4018117487430573,0.9182927012443542
vt9xl7by,unique-galaxy-759,bolete,chimpanzee,paddle,npTZspHmVpXNdHZm6BFK2Y_18.pth,18,6.293065071105957,0.529411792755127
vt9xl7by,unique-galaxy-759,bolete,chimpanzee,paddle,npTZspHmVpXNdHZm6BFK2Y_38.pth,38,0.7408867478370667,0.8670588135719299
hdm0shjp,solar-wave-758,planetarium,vacuum,police_van,hjyV73yzWddBoHtNsuChZA_16.pth,16,0.4899025857448578,0.8791946172714233
hdm0shjp,solar-wave-758,planetarium,vacuum,police_van,hjyV73yzWddBoHtNsuChZA_41.pth,41,0.4112340211868286,0.9100671410560608
5yvd9dsy,stellar-salad-757,barn_spider,American_lobster,otterhound,iJ2hJq36Dv46d6MizyS22A_13.pth,13,0.4259658753871918,0.8552631735801697
5yvd9dsy,stellar-salad-757,barn_spider,American_lobster,otterhound,iJ2hJq36Dv46d6MizyS22A_55.pth,55,0.2151821851730346,0.9254385828971864
33sylmr7,fresh-plant-755,necklace,barometer,tow_truck,EqCW8siyg9HobZLxP25YnN_14.pth,14,0.4728204011917114,0.873799741268158
33sylmr7,fresh-plant-755,necklace,barometer,tow_truck,EqCW8siyg9HobZLxP25YnN_71.pth,71,0.493991881608963,0.916323721408844
v3zo1dip,laced-feather-754,sewing_machine,mud_turtle,ruddy_turnstone,fJYhTAbv2b6ajHiBoGiHyR_17.pth,17,0.8460503816604614,0.8219653367996216
v3zo1dip,laced-feather-754,sewing_machine,mud_turtle,ruddy_turnstone,fJYhTAbv2b6ajHiBoGiHyR_80.pth,80,0.6309211254119873,0.8959537744522095
xnr50hey,divine-bush-753,strawberry,tow_truck,police_van,j4rnx6MkH98LHV8VfFBDga_12.pth,12,0.7003258466720581,0.8032786846160889
xnr50hey,divine-bush-753,strawberry,tow_truck,police_van,j4rnx6MkH98LHV8VfFBDga_34.pth,34,0.6411828398704529,0.8310214281082153
6uvxnjms,lunar-frost-752,breakwater,paddle,carpenter's_kit,HxcCiQFVD325c7bzBs7CWz_9.pth,9,0.7187507748603821,0.7863128781318665
6uvxnjms,lunar-frost-752,breakwater,paddle,carpenter's_kit,HxcCiQFVD325c7bzBs7CWz_80.pth,80,2.069413185119629,0.7765362858772278
o18y7y0j,feasible-spaceship-751,Siamese_cat,tow_truck,sea_slug,4JzZrpdrENcENAPuhxYrnk_9.pth,9,0.33446356654167175,0.9127324819564819
o18y7y0j,feasible-spaceship-751,Siamese_cat,tow_truck,sea_slug,4JzZrpdrENcENAPuhxYrnk_50.pth,50,0.3519363403320312,0.9256080389022828
ybkbbldk,fresh-blaze-750,chimpanzee,breakwater,ant,YjjWaeim7ZjYCv8mr76kRD_17.pth,17,0.5446257591247559,0.8258426785469055
ybkbbldk,fresh-blaze-750,chimpanzee,breakwater,ant,YjjWaeim7ZjYCv8mr76kRD_20.pth,20,0.3604495227336883,0.9056179523468018
zcn77gji,swift-snow-749,necklace,trombone,dock,dRxZ2ZGkAL9gE27PYmHETs_11.pth,11,0.7643231749534607,0.7793548107147217
zcn77gji,swift-snow-749,necklace,trombone,dock,dRxZ2ZGkAL9gE27PYmHETs_38.pth,38,0.6027327179908752,0.8180645108222961
pnwjpp03,upbeat-galaxy-748,barn_spider,ruddy_turnstone,pick,CLsjWdhsCpDqAnYB3RjDhk_17.pth,17,0.666877031326294,0.8248062133789062
pnwjpp03,upbeat-galaxy-748,barn_spider,ruddy_turnstone,pick,CLsjWdhsCpDqAnYB3RjDhk_35.pth,35,0.5757742524147034,0.8682170510292053
qdj8kxar,gallant-feather-747,trombone,bolete,ant,bwWu6JBCYM267c2Mwoyo8D_15.pth,15,1.0588620901107788,0.7954779267311096
qdj8kxar,gallant-feather-747,trombone,bolete,ant,bwWu6JBCYM267c2Mwoyo8D_51.pth,51,0.8964115977287292,0.826310396194458
0ga665e4,morning-feather-746,ant,ruddy_turnstone,sewing_machine,g9MTXQAzGDjWsugxq8k88B_15.pth,15,0.61604243516922,0.810703694820404
0ga665e4,morning-feather-746,ant,ruddy_turnstone,sewing_machine,g9MTXQAzGDjWsugxq8k88B_49.pth,49,0.6343037486076355,0.8364717364311218
yw5fvzfy,hearty-elevator-745,lesser_panda,carpenter's_kit,black_and_gold_garden_spider,4zMZAvs5Q945whp6MstRFw_9.pth,9,0.39059382677078247,0.8905013203620911
yw5fvzfy,hearty-elevator-745,lesser_panda,carpenter's_kit,black_and_gold_garden_spider,4zMZAvs5Q945whp6MstRFw_74.pth,74,0.4345691800117492,0.9445910453796388
7o7l0zz1,polar-sponge-744,missile,Ibizan_hound,trombone,edNvkeihhoEsoUaSbjnrZS_13.pth,13,1.4828704595565796,0.6390328407287598
7o7l0zz1,polar-sponge-744,missile,Ibizan_hound,trombone,edNvkeihhoEsoUaSbjnrZS_36.pth,36,0.8438016772270203,0.8290155529975891
5rs1ak7d,major-elevator-743,crash_helmet,soft-coated_wheaten_terrier,paddle,CmVjDzuDD9ZfjLPXkSztU3_15.pth,15,0.7597367763519287,0.788249671459198
5rs1ak7d,major-elevator-743,crash_helmet,soft-coated_wheaten_terrier,paddle,CmVjDzuDD9ZfjLPXkSztU3_59.pth,59,0.8584504127502441,0.7931456565856934
y45qaeto,easy-sea-742,carpenter's_kit,barn_spider,lesser_panda,jc5LWKtWMU2qm4hZGiRZtw_16.pth,16,0.3454524576663971,0.8928571343421936
y45qaeto,easy-sea-742,carpenter's_kit,barn_spider,lesser_panda,jc5LWKtWMU2qm4hZGiRZtw_55.pth,55,0.894512951374054,0.8857142925262451
j22b7elx,fancy-frost-741,barn_spider,pick,pug,eZfeto4K5K8nbyFYWfrPsW_15.pth,15,0.6271568536758423,0.805031418800354
j22b7elx,fancy-frost-741,barn_spider,pick,pug,eZfeto4K5K8nbyFYWfrPsW_42.pth,42,1.1677849292755127,0.7861635088920593
y5eafhs5,leafy-puddle-740,crash_helmet,tow_truck,wire-haired_fox_terrier,JSKFGZkGv3yzVHEgezQqxA_9.pth,9,0.6801040768623352,0.8135048151016235
y5eafhs5,leafy-puddle-740,crash_helmet,tow_truck,wire-haired_fox_terrier,JSKFGZkGv3yzVHEgezQqxA_65.pth,65,1.1422381401062012,0.8649517893791199
od84w0ux,tough-pond-739,missile,pajama,tow_truck,kPWjYYL8BaUUX2q7V7mfAZ_10.pth,10,0.6204614639282227,0.8250336647033691
od84w0ux,tough-pond-739,missile,pajama,tow_truck,kPWjYYL8BaUUX2q7V7mfAZ_62.pth,62,0.653400719165802,0.83580082654953
wy7jzube,misty-capybara-738,planetarium,running_shoe,mud_turtle,Lc9iggSjtNrbd4mFZEki6u_12.pth,12,1.1535978317260742,0.6899110078811646
wy7jzube,misty-capybara-738,planetarium,running_shoe,mud_turtle,Lc9iggSjtNrbd4mFZEki6u_49.pth,49,0.5328755378723145,0.8456973433494568
0u0c6tvd,glad-forest-737,limpkin,mud_turtle,black_and_gold_garden_spider,HiduCTwu6eGmMAN3iKsVyt_11.pth,11,0.3575986325740814,0.8858954310417175
0u0c6tvd,glad-forest-737,limpkin,mud_turtle,black_and_gold_garden_spider,HiduCTwu6eGmMAN3iKsVyt_75.pth,75,0.7254826426506042,0.8700475692749023
d7dikg6l,elated-gorge-736,ant,running_shoe,lesser_panda,UiBusqWQTboaaAtAKTyrdu_9.pth,9,0.6949864625930786,0.7862985730171204
d7dikg6l,elated-gorge-736,ant,running_shoe,lesser_panda,UiBusqWQTboaaAtAKTyrdu_66.pth,66,0.955111563205719,0.7709611654281616
rnj1kftn,crisp-sunset-735,police_van,running_shoe,acoustic_guitar,cFADcfJbrGCd2bjzrVEcka_11.pth,11,0.5856208801269531,0.7754459381103516
rnj1kftn,crisp-sunset-735,police_van,running_shoe,acoustic_guitar,cFADcfJbrGCd2bjzrVEcka_63.pth,63,0.8275884985923767,0.8121721148490906
lwmu2m4v,restful-star-734,running_shoe,lesser_panda,acoustic_guitar,UoehA4EZZnBqCKPwMLxWfU_16.pth,16,0.640511155128479,0.8257142901420593
lwmu2m4v,restful-star-734,running_shoe,lesser_panda,acoustic_guitar,UoehA4EZZnBqCKPwMLxWfU_38.pth,38,0.5856032967567444,0.8333333134651184
83zwsyna,azure-sound-733,cellular_telephone,otterhound,sewing_machine,ZUo7YPXM5qmAvYRgoYxpQK_17.pth,17,0.9968624114990234,0.7794871926307678
83zwsyna,azure-sound-733,cellular_telephone,otterhound,sewing_machine,ZUo7YPXM5qmAvYRgoYxpQK_21.pth,21,0.8318832516670227,0.8089743852615356
y353xxpt,vocal-elevator-732,bolete,chambered_nautilus,borzoi,WzdZWEEDqCLE5Quk6mpxaJ_13.pth,13,2.0997424125671387,0.6610644459724426
y353xxpt,vocal-elevator-732,bolete,chambered_nautilus,borzoi,WzdZWEEDqCLE5Quk6mpxaJ_27.pth,27,0.468339592218399,0.8991596698760986
dxafw09d,still-dragon-731,maillot,mixing_bowl,trombone,EeMSFo2KSfVkXFa9s4dtPw_18.pth,18,0.9811723232269287,0.7913278937339783
dxafw09d,still-dragon-731,maillot,mixing_bowl,trombone,EeMSFo2KSfVkXFa9s4dtPw_53.pth,53,1.1017190217971802,0.781842827796936
2tmss23p,resilient-disco-730,otterhound,mashed_potato,schooner,Zqg3cQepJKwGkY3geJ3V6v_12.pth,12,0.423032283782959,0.8836805820465088
2tmss23p,resilient-disco-730,otterhound,mashed_potato,schooner,Zqg3cQepJKwGkY3geJ3V6v_50.pth,50,0.8791060447692871,0.8611111044883728
fcy1v3kd,worldly-surf-729,red_wolf,ruddy_turnstone,breakwater,Pq5hhesoqNub6V5uQaLfLN_17.pth,17,1.5687559843063354,0.757656455039978
fcy1v3kd,worldly-surf-729,red_wolf,ruddy_turnstone,breakwater,Pq5hhesoqNub6V5uQaLfLN_38.pth,38,0.4407581984996796,0.9121171832084656
bz09l8eu,confused-fire-728,planetarium,red_wolf,sea_slug,Hxrz3aKuLZFXxLn37brKqq_13.pth,13,0.45093682408332825,0.8647058606147766
bz09l8eu,confused-fire-728,planetarium,red_wolf,sea_slug,Hxrz3aKuLZFXxLn37brKqq_25.pth,25,1.5939757823944092,0.6611764430999756
s0ejeeu5,golden-disco-727,sewing_machine,pick,running_shoe,DBQTmwHiAbBzPHmVUcxRyd_17.pth,17,1.0970396995544434,0.7385416626930237
s0ejeeu5,golden-disco-727,sewing_machine,pick,running_shoe,DBQTmwHiAbBzPHmVUcxRyd_31.pth,31,0.9234688878059388,0.7958333492279053
fwxiz37s,vibrant-river-726,Ibizan_hound,chambered_nautilus,limpkin,6P9kdf24KMgx2c4m4B42rG_12.pth,12,0.22376899421215057,0.9386792182922363
fwxiz37s,vibrant-river-726,Ibizan_hound,chambered_nautilus,limpkin,6P9kdf24KMgx2c4m4B42rG_26.pth,26,0.3786472082138061,0.9127358198165894
j8y7ytar,lively-paper-725,Siamese_cat,barn_spider,planetarium,JCQKDTWhbzkshrH83qUfCV_16.pth,16,0.39785873889923096,0.9169231057167053
j8y7ytar,lively-paper-725,Siamese_cat,barn_spider,planetarium,JCQKDTWhbzkshrH83qUfCV_79.pth,79,0.3785918653011322,0.9076923131942748
imd69viw,curious-gorge-724,police_van,sea_slug,missile,8haaP7nyJZzfQQtf4SGY8A_10.pth,10,0.44208553433418274,0.861920177936554
imd69viw,curious-gorge-724,police_van,sea_slug,missile,8haaP7nyJZzfQQtf4SGY8A_80.pth,80,0.3999378681182861,0.8899676203727722
ylyu1qbw,mild-oath-723,strawberry,running_shoe,dock,SzSdxTd2vSvJYMjnrhQK5A_13.pth,13,0.28632116317749023,0.9137709140777588
ylyu1qbw,mild-oath-723,strawberry,running_shoe,dock,SzSdxTd2vSvJYMjnrhQK5A_60.pth,60,0.3481684923171997,0.9317889213562012
9nrfzmpo,feasible-leaf-722,tow_truck,vacuum,mixing_bowl,AEYFmgiwY4sKN9w9qWdEZv_18.pth,18,5.813549518585205,0.542890727519989
9nrfzmpo,feasible-leaf-722,tow_truck,vacuum,mixing_bowl,AEYFmgiwY4sKN9w9qWdEZv_54.pth,54,0.6213529706001282,0.8319624066352844
si7wfpor,crimson-valley-721,Airedale,breakwater,barn_spider,gQ9FbxVhPEmrx22BkQjy8F_12.pth,12,0.36577391624450684,0.9262899160385132
si7wfpor,crimson-valley-721,Airedale,breakwater,barn_spider,gQ9FbxVhPEmrx22BkQjy8F_58.pth,58,0.3695619702339173,0.933660924434662
awmchuj1,serene-haze-720,necklace,mashed_potato,pajama,hpqTnXdEjRsXGcpHBiAQB8_15.pth,15,0.6541532874107361,0.8458498120307922
awmchuj1,serene-haze-720,necklace,mashed_potato,pajama,hpqTnXdEjRsXGcpHBiAQB8_78.pth,78,0.5106741189956665,0.91304349899292
pvhl4i97,blooming-snowflake-719,cellular_telephone,police_van,vacuum,SVUAcvK2jLTi9cRzpm5okW_17.pth,17,1.6017247438430786,0.6721311211585999
pvhl4i97,blooming-snowflake-719,cellular_telephone,police_van,vacuum,SVUAcvK2jLTi9cRzpm5okW_42.pth,42,1.127764105796814,0.7740046977996826
9xamwwql,chocolate-glade-718,canoe,strawberry,barn_spider,R5M4p5kikE8iWkZDGwvjYq_11.pth,11,0.27437764406204224,0.9166666865348816
9xamwwql,chocolate-glade-718,canoe,strawberry,barn_spider,R5M4p5kikE8iWkZDGwvjYq_24.pth,24,0.2646953165531158,0.9345238208770752
7gbxsx91,northern-gorge-717,running_shoe,pick,maillot,8NSXop7cuECei3YFD4bpRJ_10.pth,10,1.1890504360198975,0.6568915247917175
7gbxsx91,northern-gorge-717,running_shoe,pick,maillot,8NSXop7cuECei3YFD4bpRJ_62.pth,62,0.9708907008171082,0.7551319599151611
esbhbnko,eager-sea-716,wire-haired_fox_terrier,dock,strawberry,JxKgdHspwpAExukqSCuZTr_18.pth,18,0.46896764636039734,0.9165217280387878
esbhbnko,eager-sea-716,wire-haired_fox_terrier,dock,strawberry,JxKgdHspwpAExukqSCuZTr_53.pth,53,0.4050279557704925,0.9113043546676636
n43d8qd1,bright-voice-715,breakwater,maillot,running_shoe,cFEkzsYa5wneMnEYoAw74F_18.pth,18,0.5110307335853577,0.854107677936554
n43d8qd1,bright-voice-715,breakwater,maillot,running_shoe,cFEkzsYa5wneMnEYoAw74F_61.pth,61,0.5539891719818115,0.8725212216377258
3294fiow,peach-grass-714,barometer,mashed_potato,Ibizan_hound,FEHeYDRL3cijZ9PqWqdMP3_18.pth,18,0.43037697672843933,0.8565121293067932
3294fiow,peach-grass-714,barometer,mashed_potato,Ibizan_hound,FEHeYDRL3cijZ9PqWqdMP3_39.pth,39,0.5077203512191772,0.876379668712616
0vnajpio,dashing-wave-713,strawberry,trombone,mashed_potato,YZcpYHaw6KFdBUTD9kc9FF_16.pth,16,0.43178150057792664,0.887499988079071
0vnajpio,dashing-wave-713,strawberry,trombone,mashed_potato,YZcpYHaw6KFdBUTD9kc9FF_41.pth,41,0.4667990207672119,0.8965908885002136
jwjf4xwc,summer-elevator-712,limpkin,Ibizan_hound,cellular_telephone,aHuRAMzHuXTopZ3NxewQmf_18.pth,18,0.1878105103969574,0.9252873659133911
jwjf4xwc,summer-elevator-712,limpkin,Ibizan_hound,cellular_telephone,aHuRAMzHuXTopZ3NxewQmf_57.pth,57,0.2593431174755096,0.9406130313873292
z3v7578s,upbeat-puddle-711,carpenter's_kit,limpkin,barn_spider,E5irzjLx2woGZTVkvBoWxY_9.pth,9,1.1953613758087158,0.7116666436195374
z3v7578s,upbeat-puddle-711,carpenter's_kit,limpkin,barn_spider,E5irzjLx2woGZTVkvBoWxY_57.pth,57,0.604428768157959,0.82833331823349
7yd0o73c,rose-wave-710,police_van,necklace,maillot,eamNKwPzzEuQtxhFnDE2mU_15.pth,15,0.476094514131546,0.8732612133026123
7yd0o73c,rose-wave-710,police_van,necklace,maillot,eamNKwPzzEuQtxhFnDE2mU_60.pth,60,0.4698752462863922,0.885625958442688
7mmxvz4m,polished-sun-709,trombone,chambered_nautilus,sewing_machine,NCGgzcuE9T3do3YTjy4wzt_11.pth,11,1.1050834655761719,0.751599133014679
7mmxvz4m,polished-sun-709,trombone,chambered_nautilus,sewing_machine,NCGgzcuE9T3do3YTjy4wzt_57.pth,57,0.9508355855941772,0.8422175049781799
u7n5snyf,dazzling-capybara-708,mud_turtle,barn_spider,Airedale,XjzAyGhw62RE4E69xdBciX_10.pth,10,0.5988293886184692,0.7566765546798706
u7n5snyf,dazzling-capybara-708,mud_turtle,barn_spider,Airedale,XjzAyGhw62RE4E69xdBciX_55.pth,55,0.7076095342636108,0.8694362044334412
wc4ed6bk,vibrant-firefly-707,soft-coated_wheaten_terrier,canoe,tow_truck,ZQiaQQ3sVKjkuUv6QHEXop_11.pth,11,1.4572150707244873,0.732833981513977
wc4ed6bk,vibrant-firefly-707,soft-coated_wheaten_terrier,canoe,tow_truck,ZQiaQQ3sVKjkuUv6QHEXop_52.pth,52,0.6937595009803772,0.8352059721946716
b6da9onp,vague-thunder-706,running_shoe,vizsla,tow_truck,67Mw94agtsnziQF3We9tUf_10.pth,10,0.7418671250343323,0.7996127605438232
b6da9onp,vague-thunder-706,running_shoe,vizsla,tow_truck,67Mw94agtsnziQF3We9tUf_31.pth,31,0.6540868282318115,0.8276863694190979
nvtewf87,fanciful-blaze-705,tow_truck,bolete,Angora,QjR63t72Bp5KyzsSdHwLpV_18.pth,18,0.2047370970249176,0.9360568523406982
nvtewf87,fanciful-blaze-705,tow_truck,bolete,Angora,QjR63t72Bp5KyzsSdHwLpV_42.pth,42,0.2494997084140777,0.9555950164794922
sjjdol9a,celestial-glade-704,vizsla,lesser_panda,sea_slug,AmTAV8LFQeTAWNW634DBzL_16.pth,16,0.6492884159088135,0.8195669651031494
sjjdol9a,celestial-glade-704,vizsla,lesser_panda,sea_slug,AmTAV8LFQeTAWNW634DBzL_72.pth,72,0.6633854508399963,0.8275862336158752
a8ic47od,dandy-river-703,Appenzeller,lesser_panda,mixing_bowl,Jo6jqd6LgmeRqaQvpusse2_9.pth,9,0.2805686891078949,0.9086378812789917
a8ic47od,dandy-river-703,Appenzeller,lesser_panda,mixing_bowl,Jo6jqd6LgmeRqaQvpusse2_41.pth,41,0.3219558000564575,0.9318937063217164
rf5vpbox,lemon-grass-702,vizsla,tow_truck,canoe,9jkQwcFJHbqfZLYDbbQyCy_9.pth,9,0.7174233198165894,0.8182772994041443
rf5vpbox,lemon-grass-702,vizsla,tow_truck,canoe,9jkQwcFJHbqfZLYDbbQyCy_56.pth,56,0.7360363602638245,0.825630247592926
vmbo8p37,vivid-valley-701,vacuum,pug,barn_spider,PXGovT7sNBoqt7xjmopPNE_11.pth,11,0.4646414518356323,0.8219178318977356
vmbo8p37,vivid-valley-701,vacuum,pug,barn_spider,PXGovT7sNBoqt7xjmopPNE_69.pth,69,0.579728364944458,0.8575342297554016
81bkktoj,valiant-pyramid-700,American_lobster,vacuum,black_and_gold_garden_spider,NSPJNmDt7Y2HaVY9GEunc3_13.pth,13,0.24432718753814697,0.9420560598373413
81bkktoj,valiant-pyramid-700,American_lobster,vacuum,black_and_gold_garden_spider,NSPJNmDt7Y2HaVY9GEunc3_34.pth,34,0.2198213338851928,0.949532687664032
o6kmtun0,sage-mountain-699,pick,trombone,dock,Td8EA7ZqDWuwvoZteaCGWe_11.pth,11,0.9270442724227905,0.8110661506652832
o6kmtun0,sage-mountain-699,pick,trombone,dock,Td8EA7ZqDWuwvoZteaCGWe_48.pth,48,0.9301201105117798,0.8205128312110901
jluivoeb,dutiful-aardvark-698,cellular_telephone,bolete,chimpanzee,QGkx74d8jfPMHkVJ4Tn3FU_9.pth,9,0.7335888743400574,0.7586981058120728
jluivoeb,dutiful-aardvark-698,cellular_telephone,bolete,chimpanzee,QGkx74d8jfPMHkVJ4Tn3FU_53.pth,53,0.5990108847618103,0.8776655197143555
1ic2m8jp,morning-haze-697,Siamese_cat,maillot,schooner,8K4gprFhRvFSX8ka34UKak_9.pth,9,0.32562366127967834,0.8808290362358093
1ic2m8jp,morning-haze-697,Siamese_cat,maillot,schooner,8K4gprFhRvFSX8ka34UKak_41.pth,41,0.5300791263580322,0.924870491027832
qlduxga5,pious-tree-696,mashed_potato,sewing_machine,police_van,BERbsuG9er7EYuKgaoDt6y_11.pth,11,1.13652765750885,0.7314916849136353
qlduxga5,pious-tree-696,mashed_potato,sewing_machine,police_van,BERbsuG9er7EYuKgaoDt6y_53.pth,53,0.5983858108520508,0.9160221219062804
fwjj1slb,lyric-resonance-695,ruddy_turnstone,black_and_gold_garden_spider,crash_helmet,FsZSWA7tJqkupmZYNXsx3s_10.pth,10,0.681714653968811,0.8413792848587036
fwjj1slb,lyric-resonance-695,ruddy_turnstone,black_and_gold_garden_spider,crash_helmet,FsZSWA7tJqkupmZYNXsx3s_28.pth,28,0.4152356088161469,0.8937931060791016
eos2lb98,divine-cherry-694,limpkin,mixing_bowl,planetarium,GvrRYwE4C4TUwBizbpo7iP_16.pth,16,0.2991659939289093,0.8908554315567017
eos2lb98,divine-cherry-694,limpkin,mixing_bowl,planetarium,GvrRYwE4C4TUwBizbpo7iP_20.pth,20,1.2833694219589231,0.7404129505157471
pjnu902b,efficient-shadow-693,indigo_bunting,necklace,trombone,9ezFHi6YK7tHmHHdpuS4im_12.pth,12,0.5910469889640808,0.8308227062225342
pjnu902b,efficient-shadow-693,indigo_bunting,necklace,trombone,9ezFHi6YK7tHmHHdpuS4im_80.pth,80,0.5414116978645325,0.8574739098548889
htg826qs,fanciful-river-692,tow_truck,Siamese_cat,police_van,5GL3ZS7bYmGodByWwSYZ7K_9.pth,9,1.5073866844177246,0.6841046214103699
htg826qs,fanciful-river-692,tow_truck,Siamese_cat,police_van,5GL3ZS7bYmGodByWwSYZ7K_68.pth,68,0.811826765537262,0.8269617557525635
uxbif1w1,desert-lion-691,missile,maillot,chambered_nautilus,a8EfVnafozJWtFEoPRF22M_10.pth,10,0.5889281630516052,0.826010525226593
uxbif1w1,desert-lion-691,missile,maillot,chambered_nautilus,a8EfVnafozJWtFEoPRF22M_24.pth,24,0.360860139131546,0.8927943706512451
cbcd4fvr,scarlet-armadillo-690,barn_spider,carpenter's_kit,missile,EDDf4qVAUZXnJR6XTtcwLs_15.pth,15,1.3065483570098877,0.7182866334915161
cbcd4fvr,scarlet-armadillo-690,barn_spider,carpenter's_kit,missile,EDDf4qVAUZXnJR6XTtcwLs_57.pth,57,0.641661524772644,0.8171334266662598
w887nw65,misunderstood-planet-689,chimpanzee,barn_spider,running_shoe,7UshtHXpj7VjL6okuEY4rg_16.pth,16,0.7743268013000488,0.7957839369773865
w887nw65,misunderstood-planet-689,chimpanzee,barn_spider,running_shoe,7UshtHXpj7VjL6okuEY4rg_47.pth,47,0.7576258778572083,0.8366271257400513
x9cdp5bi,bumbling-aardvark-688,Appenzeller,pug,American_lobster,9HQNJCFnCKMceKXBWMTt7G_12.pth,12,3.9390687334162067e-07,1.0
x9cdp5bi,bumbling-aardvark-688,Appenzeller,pug,American_lobster,9HQNJCFnCKMceKXBWMTt7G_36.pth,36,7.727391704293042e-08,1.0
tcmjyvgi,swept-plasma-687,crash_helmet,ant,chambered_nautilus,KVdmFfs7sQKiwSf8B8HCmD_13.pth,13,0.7051599621772766,0.7909677624702454
tcmjyvgi,swept-plasma-687,crash_helmet,ant,chambered_nautilus,KVdmFfs7sQKiwSf8B8HCmD_50.pth,50,0.748149573802948,0.78838711977005
088va348,swift-paper-686,indigo_bunting,black_and_gold_garden_spider,sea_slug,QXcjtrgu7YmHvA3r4ss8y5_16.pth,16,0.3175634443759918,0.9229074716567993
088va348,swift-paper-686,indigo_bunting,black_and_gold_garden_spider,sea_slug,QXcjtrgu7YmHvA3r4ss8y5_61.pth,61,0.3529826998710632,0.9185022115707396
xyxo8hja,vivid-sponge-685,Siamese_cat,planetarium,police_van,4nurjfhbXpeoLDsxGwRFgT_9.pth,9,0.3758265972137451,0.9064748287200928
xyxo8hja,vivid-sponge-685,Siamese_cat,planetarium,police_van,4nurjfhbXpeoLDsxGwRFgT_64.pth,64,0.4158776104450226,0.9088729023933412
ax56xxw9,light-snow-684,cellular_telephone,borzoi,American_lobster,aNjSUyTrHXuek5JviGuUKt_18.pth,18,0.32156822085380554,0.8873517513275146
ax56xxw9,light-snow-684,cellular_telephone,borzoi,American_lobster,aNjSUyTrHXuek5JviGuUKt_75.pth,75,0.4563820660114288,0.9071146249771118
9stqtj1b,visionary-shape-683,Angora,mud_turtle,crash_helmet,Ziu3N5WzLTbHzcwSkZhK6w_11.pth,11,0.4330058991909027,0.8901345133781433
9stqtj1b,visionary-shape-683,Angora,mud_turtle,crash_helmet,Ziu3N5WzLTbHzcwSkZhK6w_53.pth,53,0.3510050475597381,0.9349775910377502
a1207dkb,toasty-galaxy-682,strawberry,Angora,chimpanzee,4dqJMDieupuCQ73FD5sxqj_18.pth,18,0.04444177821278572,0.9848993420600891
a1207dkb,toasty-galaxy-682,strawberry,Angora,chimpanzee,4dqJMDieupuCQ73FD5sxqj_59.pth,59,0.0241438224911689,0.9916107654571532
xt2efn8u,devoted-wood-681,Siamese_cat,pajama,mud_turtle,Fq6sf6tK4VRCUYAHGd6v7B_18.pth,18,0.6008300185203552,0.8720930218696594
xt2efn8u,devoted-wood-681,Siamese_cat,pajama,mud_turtle,Fq6sf6tK4VRCUYAHGd6v7B_36.pth,36,0.4680561125278473,0.895348846912384
9s5sg081,golden-aardvark-680,maillot,ruddy_turnstone,mud_turtle,2RA9erN54nHaPYgg4RsrmZ_12.pth,12,6.847649097442627,0.5663265585899353
9s5sg081,golden-aardvark-680,maillot,ruddy_turnstone,mud_turtle,2RA9erN54nHaPYgg4RsrmZ_48.pth,48,0.6060524582862854,0.8418367505073547
ed3yjl6g,genial-donkey-679,planetarium,breakwater,sea_slug,faXcQyp9m2R34TQprnykTH_10.pth,10,0.3777502477169037,0.8814139366149902
ed3yjl6g,genial-donkey-679,planetarium,breakwater,sea_slug,faXcQyp9m2R34TQprnykTH_68.pth,68,0.4096192121505738,0.9258837103843688
mz31ib6c,comfy-bee-678,pug,otterhound,mashed_potato,BAiDWD4gN6BPaiXSDDa6tz_12.pth,12,0.7936553955078125,0.826161801815033
mz31ib6c,comfy-bee-678,pug,otterhound,mashed_potato,BAiDWD4gN6BPaiXSDDa6tz_76.pth,76,0.7169799208641052,0.8313252925872803
2tabnqe4,glad-rain-677,indigo_bunting,dock,canoe,fnrVn94X56sG6UH6AAgkXk_13.pth,13,2.9537224769592285,0.6737480759620667
2tabnqe4,glad-rain-677,indigo_bunting,dock,canoe,fnrVn94X56sG6UH6AAgkXk_54.pth,54,0.7110579609870911,0.8270106315612793
s3qg7v19,swift-wood-676,police_van,Siamese_cat,Airedale,Xime4mxS2GaAxVQW9PTHDB_14.pth,14,4.967053435223079e-10,1.0
s3qg7v19,swift-wood-676,police_van,Siamese_cat,Airedale,Xime4mxS2GaAxVQW9PTHDB_58.pth,58,0.0,1.0
kejt9p5q,clean-thunder-675,maillot,pug,wire-haired_fox_terrier,CGqb4G8ouiefRnrDTPUSg6_18.pth,18,1.0963149070739746,0.6646586060523987
kejt9p5q,clean-thunder-675,maillot,pug,wire-haired_fox_terrier,CGqb4G8ouiefRnrDTPUSg6_62.pth,62,1.0054571628570557,0.7489959597587585
twv7k8ou,tough-wildflower-674,mixing_bowl,sea_slug,wire-haired_fox_terrier,QdwuvKLQqxaj7tvqPVqsca_18.pth,18,0.49532029032707214,0.8685503602027893
twv7k8ou,tough-wildflower-674,mixing_bowl,sea_slug,wire-haired_fox_terrier,QdwuvKLQqxaj7tvqPVqsca_56.pth,56,0.5603605508804321,0.859950840473175
9h5elh8f,sunny-firebrand-673,breakwater,black_and_gold_garden_spider,ruddy_turnstone,incxqmE6TKni4eWN8f3UhL_15.pth,15,0.4377964437007904,0.8842975497245789
9h5elh8f,sunny-firebrand-673,breakwater,black_and_gold_garden_spider,ruddy_turnstone,incxqmE6TKni4eWN8f3UhL_49.pth,49,0.226955845952034,0.9517906308174132
z44jt02d,silver-flower-672,tow_truck,red_wolf,crash_helmet,K4MPZ9fvfrQEXNWbRg75tq_13.pth,13,0.5697058439254761,0.8418230414390564
z44jt02d,silver-flower-672,tow_truck,red_wolf,crash_helmet,K4MPZ9fvfrQEXNWbRg75tq_63.pth,63,0.8912109732627869,0.8109919428825378
5gphihlf,lilac-resonance-671,wire-haired_fox_terrier,mashed_potato,crash_helmet,NAdcPQGLoDK5Rx5yUnPJJu_9.pth,9,0.37693122029304504,0.871335506439209
5gphihlf,lilac-resonance-671,wire-haired_fox_terrier,mashed_potato,crash_helmet,NAdcPQGLoDK5Rx5yUnPJJu_52.pth,52,0.3353127837181091,0.905537486076355
xx6l3dpv,splendid-lion-670,borzoi,Angora,planetarium,canvgcieszNHuJTndBfaE5_12.pth,12,0.5248802900314331,0.8819095492362976
xx6l3dpv,splendid-lion-670,borzoi,Angora,planetarium,canvgcieszNHuJTndBfaE5_49.pth,49,0.9510506987571716,0.8793969750404358
4k9ahiet,devoted-haze-669,Siamese_cat,running_shoe,pug,AWVfrNddLTXfHke8ktb7p3_15.pth,15,0.45443588495254517,0.8487544655799866
4k9ahiet,devoted-haze-669,Siamese_cat,running_shoe,pug,AWVfrNddLTXfHke8ktb7p3_67.pth,67,0.6366212964057922,0.8487544655799866
wyu0xcfe,colorful-durian-668,mud_turtle,chambered_nautilus,missile,XvuRfF2P9982bxXzEsqZgN_13.pth,13,0.36577683687210083,0.8691437840461731
wyu0xcfe,colorful-durian-668,mud_turtle,chambered_nautilus,missile,XvuRfF2P9982bxXzEsqZgN_31.pth,31,0.7577465176582336,0.8578352332115173
c9uq1n4n,hopeful-butterfly-667,American_lobster,vizsla,necklace,NuApR78jxvQfyebNDM9LZR_18.pth,18,0.15496811270713806,0.9401360750198364
c9uq1n4n,hopeful-butterfly-667,American_lobster,vizsla,necklace,NuApR78jxvQfyebNDM9LZR_40.pth,40,1.6369907855987549,0.7863945364952087
km0h7zie,fancy-sunset-666,lesser_panda,mashed_potato,pick,BEXqHjDwYbm4mUcq6Sceo4_18.pth,18,0.3778769373893738,0.8952497243881226
km0h7zie,fancy-sunset-666,lesser_panda,mashed_potato,pick,BEXqHjDwYbm4mUcq6Sceo4_49.pth,49,0.3528226315975189,0.9037758708000184
wavkx1wz,dark-snowflake-665,police_van,ruddy_turnstone,acoustic_guitar,dzQKfYXMtS7hP3ernKMRdF_13.pth,13,0.1316966563463211,0.9480662941932678
wavkx1wz,dark-snowflake-665,police_van,ruddy_turnstone,acoustic_guitar,dzQKfYXMtS7hP3ernKMRdF_20.pth,20,0.4082671403884888,0.8917127251625061
ww11kmsw,playful-butterfly-664,barn_spider,acoustic_guitar,mixing_bowl,WTzYXbvnzbXo7gSMmHyf48_12.pth,12,0.9204785823822021,0.7135862708091736
ww11kmsw,playful-butterfly-664,barn_spider,acoustic_guitar,mixing_bowl,WTzYXbvnzbXo7gSMmHyf48_58.pth,58,1.0086859464645386,0.8347613215446472
cxlwk40b,unique-terrain-663,borzoi,ruddy_turnstone,necklace,8FXDEFfFZjeBNegVrKzVoi_9.pth,9,0.33644193410873413,0.9081224799156189
cxlwk40b,unique-terrain-663,borzoi,ruddy_turnstone,necklace,8FXDEFfFZjeBNegVrKzVoi_28.pth,28,0.5805442333221436,0.889480710029602
d8y4k3re,floral-violet-662,pick,dock,breakwater,euBScoTFuPGG98bY6x9sMe_13.pth,13,0.6837223172187805,0.7849624156951904
d8y4k3re,floral-violet-662,pick,dock,breakwater,euBScoTFuPGG98bY6x9sMe_45.pth,45,0.7711490988731384,0.7924811840057373
rpn0b99c,treasured-water-661,sewing_machine,dock,chambered_nautilus,aAi6zQUi9y6fTRyXwHMBAc_17.pth,17,0.4067762494087219,0.8927648663520813
rpn0b99c,treasured-water-661,sewing_machine,dock,chambered_nautilus,aAi6zQUi9y6fTRyXwHMBAc_60.pth,60,0.713142991065979,0.8733850121498108
9a72voc0,proud-lake-660,carpenter's_kit,bolete,ant,d2iCefEgEpGf8hj7VHkfwL_14.pth,14,0.4098905026912689,0.8744131326675415
9a72voc0,proud-lake-660,carpenter's_kit,bolete,ant,d2iCefEgEpGf8hj7VHkfwL_66.pth,66,0.924325942993164,0.8262910842895508
qwfggbhk,wandering-dew-659,Airedale,tow_truck,sewing_machine,JVHUUgWTd6jFywc8qZf3De_13.pth,13,0.5253249406814575,0.8855869174003601
qwfggbhk,wandering-dew-659,Airedale,tow_truck,sewing_machine,JVHUUgWTd6jFywc8qZf3De_20.pth,20,0.3482831418514251,0.9004457592964172
yayd2qm5,desert-haze-658,soft-coated_wheaten_terrier,ant,pick,HnTKcoqu6fAFcivERR64Va_11.pth,11,0.6233739852905273,0.8015872836112976
yayd2qm5,desert-haze-658,soft-coated_wheaten_terrier,ant,pick,HnTKcoqu6fAFcivERR64Va_70.pth,70,1.0383795499801636,0.8219954371452332
xz54yh9w,leafy-planet-657,indigo_bunting,running_shoe,vizsla,DFTMmyKereUPDgN9EH87SR_18.pth,18,0.6923048496246338,0.8571428656578064
xz54yh9w,leafy-planet-657,indigo_bunting,running_shoe,vizsla,DFTMmyKereUPDgN9EH87SR_80.pth,80,0.3754508197307586,0.90250962972641
r80um1h9,iconic-donkey-656,wire-haired_fox_terrier,ant,indigo_bunting,NvxwqJGA2AHrPdS2JR7Gac_11.pth,11,0.32754847407341003,0.8839541673660278
r80um1h9,iconic-donkey-656,wire-haired_fox_terrier,ant,indigo_bunting,NvxwqJGA2AHrPdS2JR7Gac_58.pth,58,0.4059446454048157,0.8868194818496704
6q8qrm53,wild-lake-655,schooner,mixing_bowl,vizsla,CYVkdkvajEAvUEUUQeJS2g_15.pth,15,0.32779330015182495,0.9090909361839294
6q8qrm53,wild-lake-655,schooner,mixing_bowl,vizsla,CYVkdkvajEAvUEUUQeJS2g_73.pth,73,0.6010779738426208,0.8937691450119019
d9ukwcj3,dutiful-oath-654,red_wolf,Airedale,Angora,RipGdFX3TPz7uoPHCAmFMv_14.pth,14,0.00029011748847551644,1.0
d9ukwcj3,dutiful-oath-654,red_wolf,Airedale,Angora,RipGdFX3TPz7uoPHCAmFMv_80.pth,80,7.43661948945e-05,1.0
fr75qyt3,toasty-wind-653,barn_spider,planetarium,breakwater,Rx9zbRA8oWff2z4dbWm9Gc_13.pth,13,1.186464548110962,0.642123281955719
fr75qyt3,toasty-wind-653,barn_spider,planetarium,breakwater,Rx9zbRA8oWff2z4dbWm9Gc_45.pth,45,0.5990821123123169,0.8767123222351074
r9hef8yb,golden-plasma-652,planetarium,police_van,maillot,58kNUEvFQVcbGp4XGfYjnR_15.pth,15,2.5206286907196045,0.5603603720664978
r9hef8yb,golden-plasma-652,planetarium,police_van,maillot,58kNUEvFQVcbGp4XGfYjnR_44.pth,44,0.4400286078453064,0.8684684634208679
7llmt0p6,rose-monkey-651,tow_truck,crash_helmet,Angora,6okNPgTeosQutUtZUKjsg6_9.pth,9,0.7163905501365662,0.7957198619842529
7llmt0p6,rose-monkey-651,tow_truck,crash_helmet,Angora,6okNPgTeosQutUtZUKjsg6_20.pth,20,0.3719356656074524,0.881322979927063
nqztq6hm,grateful-firebrand-650,schooner,wire-haired_fox_terrier,dock,QESdpVfPw5Dtdg8aTwrShb_13.pth,13,0.7124925851821899,0.8498098850250244
nqztq6hm,grateful-firebrand-650,schooner,wire-haired_fox_terrier,dock,QESdpVfPw5Dtdg8aTwrShb_32.pth,32,0.7359000444412231,0.8212927579879761
fpuss3o0,legendary-cosmos-649,sewing_machine,trombone,Airedale,RzcjRK49nGbAEt7EhGKk6m_16.pth,16,0.5825459361076355,0.8268974423408508
fpuss3o0,legendary-cosmos-649,sewing_machine,trombone,Airedale,RzcjRK49nGbAEt7EhGKk6m_39.pth,39,0.8997666835784912,0.8415446281433105
szi4b1r9,spring-morning-648,planetarium,American_lobster,barometer,YMF4WRU6GwqQFcCbDqLzXP_17.pth,17,0.3039017617702484,0.9210526347160339
szi4b1r9,spring-morning-648,planetarium,American_lobster,barometer,YMF4WRU6GwqQFcCbDqLzXP_36.pth,36,0.3449196219444275,0.9157894849777222
g8jtmpu7,stoic-sponge-647,breakwater,Angora,American_lobster,kv58xnrrEbSbULk7hHeRdU_14.pth,14,0.0009939830051735044,1.0
g8jtmpu7,stoic-sponge-647,breakwater,Angora,American_lobster,kv58xnrrEbSbULk7hHeRdU_51.pth,51,0.0001955385087057,1.0
w8qkzjnt,dark-sky-646,strawberry,red_wolf,Airedale,9XZdnmYyUysNaengBtn27E_10.pth,10,0.06602645665407181,0.9791271090507507
w8qkzjnt,dark-sky-646,strawberry,red_wolf,Airedale,9XZdnmYyUysNaengBtn27E_53.pth,53,0.0591155365109443,0.9848197102546692
u47yfwwp,smart-dawn-645,otterhound,missile,vizsla,fyouBkrb2h4QJ9F2NvgSRX_9.pth,9,0.4576317071914673,0.850632905960083
u47yfwwp,smart-dawn-645,otterhound,missile,vizsla,fyouBkrb2h4QJ9F2NvgSRX_67.pth,67,0.5004038214683533,0.8594936728477478
8yjy3nev,electric-armadillo-644,trombone,vizsla,indigo_bunting,VLN2HKtQLzdc47HyJWUF58_18.pth,18,0.28355103731155396,0.9066917896270752
8yjy3nev,electric-armadillo-644,trombone,vizsla,indigo_bunting,VLN2HKtQLzdc47HyJWUF58_58.pth,58,0.5004099011421204,0.9029217958450316
6ytk2l2l,worldly-grass-643,bolete,tow_truck,soft-coated_wheaten_terrier,WUBRZ9RucjZvNffnfSGaAh_18.pth,18,0.47213324904441833,0.8657565712928772
6ytk2l2l,worldly-grass-643,bolete,tow_truck,soft-coated_wheaten_terrier,WUBRZ9RucjZvNffnfSGaAh_38.pth,38,0.4466552138328552,0.8759954571723938
61bxaju8,devout-field-642,American_lobster,carpenter's_kit,cellular_telephone,bpG4N9tyAi8Bbh7LDAMkCX_9.pth,9,2.318972110748291,0.6533066034317017
61bxaju8,devout-field-642,American_lobster,carpenter's_kit,cellular_telephone,bpG4N9tyAi8Bbh7LDAMkCX_46.pth,46,0.9703825116157532,0.8176352977752686
ckt80js4,super-durian-641,otterhound,Angora,paddle,56ghdMzqCPSnjUVd8pmq5D_13.pth,13,0.3069990277290344,0.9071207642555237
ckt80js4,super-durian-641,otterhound,Angora,paddle,56ghdMzqCPSnjUVd8pmq5D_36.pth,36,0.5476676225662231,0.9164086580276488
1w55pn7c,pious-sky-640,red_wolf,missile,mixing_bowl,KW6HmamU39SKWVemMvG9UJ_17.pth,17,0.5541977882385254,0.8500000238418579
1w55pn7c,pious-sky-640,red_wolf,missile,mixing_bowl,KW6HmamU39SKWVemMvG9UJ_63.pth,63,1.1062591075897217,0.8689188957214355
xyapi86m,fancy-dew-639,breakwater,police_van,pug,gdvf9Xc2mYBEwP98wx4TQL_15.pth,15,0.3666028678417206,0.9094540476799011
xyapi86m,fancy-dew-639,breakwater,police_van,pug,gdvf9Xc2mYBEwP98wx4TQL_44.pth,44,0.3665977120399475,0.9227696657180786
l550p4dc,decent-planet-638,ruddy_turnstone,soft-coated_wheaten_terrier,maillot,ka5S9mteLjVy7LCLKJXaJa_13.pth,13,0.6365087032318115,0.8519552946090698
l550p4dc,decent-planet-638,ruddy_turnstone,soft-coated_wheaten_terrier,maillot,ka5S9mteLjVy7LCLKJXaJa_57.pth,57,0.7449140548706055,0.8868715167045593
d6dzj7aw,dulcet-surf-637,strawberry,barometer,crash_helmet,FNuGHrwfuzU2u9RmgFFWcB_18.pth,18,0.8287796378135681,0.8203434348106384
d6dzj7aw,dulcet-surf-637,strawberry,barometer,crash_helmet,FNuGHrwfuzU2u9RmgFFWcB_63.pth,63,0.6708168983459473,0.844121515750885
