combo_id,source_combo_id,combo_type,class1,class2,class3,seed,early_epoch,max_epoch,optimizer,learning_rate,store_weight,status
1,1,1,english_setter,irish_setter,australian_terrier,7270,8,38,Adam,0.064256,False,-
2,1,1,english_setter,irish_setter,australian_terrier,4426,7,59,SGD,0.111739,False,-
3,1,1,english_setter,irish_setter,australian_terrier,1685,9,46,Adam,0.032708,False,-
4,1,1,english_setter,irish_setter,australian_terrier,4555,6,15,Adam,0.10649,False,-
5,1,1,english_setter,irish_setter,australian_terrier,9274,6,51,SGD,0.04367,False,-
6,1,1,english_setter,irish_setter,australian_terrier,1899,8,46,SGD,0.054407,False,-
7,1,1,english_setter,irish_setter,australian_terrier,5393,8,56,Adam,0.084731,False,-
8,1,1,english_setter,irish_setter,australian_terrier,7513,9,43,SGD,0.02671,False,-
9,1,1,english_setter,irish_setter,australian_terrier,775,7,51,SGD,0.067981,False,-
10,1,1,english_setter,irish_setter,australian_terrier,3073,6,48,SGD,0.052514,False,-
11,1,1,english_setter,australian_terrier,irish_setter,5675,6,65,SGD,0.0434,False,-
12,1,1,english_setter,australian_terrier,irish_setter,7629,8,53,Adam,0.039129,False,-
13,1,1,english_setter,australian_terrier,irish_setter,8529,9,61,SGD,0.05333,False,-
14,1,1,english_setter,australian_terrier,irish_setter,8684,5,42,Adam,0.033019,False,-
15,1,1,english_setter,australian_terrier,irish_setter,2568,5,63,SGD,0.101287,False,-
16,1,1,english_setter,australian_terrier,irish_setter,5892,6,42,SGD,0.038876,False,-
17,1,1,english_setter,australian_terrier,irish_setter,3104,9,67,SGD,0.147341,False,-
18,1,1,english_setter,australian_terrier,irish_setter,5056,7,60,SGD,0.029715,False,-
19,1,1,english_setter,australian_terrier,irish_setter,7385,7,15,Adam,0.096089,False,-
20,1,1,english_setter,australian_terrier,irish_setter,1484,7,56,Adam,0.039195,False,-
21,1,1,irish_setter,english_setter,australian_terrier,6019,9,46,SGD,0.015055,False,-
22,1,1,irish_setter,english_setter,australian_terrier,1059,9,51,Adam,0.035384,False,-
23,1,1,irish_setter,english_setter,australian_terrier,9789,5,53,Adam,0.023184,False,-
24,1,1,irish_setter,english_setter,australian_terrier,9555,7,43,Adam,0.037335,False,-
25,1,1,irish_setter,english_setter,australian_terrier,7392,5,49,SGD,0.01544,False,-
26,1,1,irish_setter,english_setter,australian_terrier,5864,7,55,Adam,0.041268,False,-
27,1,1,irish_setter,english_setter,australian_terrier,3748,5,49,SGD,0.026205,False,-
28,1,1,irish_setter,english_setter,australian_terrier,1495,5,45,Adam,0.044282,False,-
29,1,1,irish_setter,english_setter,australian_terrier,1291,6,43,SGD,0.071786,False,-
30,1,1,irish_setter,english_setter,australian_terrier,698,5,54,Adam,0.065607,False,-
31,1,1,irish_setter,australian_terrier,english_setter,5855,5,76,SGD,0.116791,False,-
32,1,1,irish_setter,australian_terrier,english_setter,5791,8,51,Adam,0.028686,False,-
33,1,1,irish_setter,australian_terrier,english_setter,4389,9,76,SGD,0.151656,False,-
34,1,1,irish_setter,australian_terrier,english_setter,6287,5,55,SGD,0.019108,False,-
35,1,1,irish_setter,australian_terrier,english_setter,9986,8,38,SGD,0.028844,False,-
36,1,1,irish_setter,australian_terrier,english_setter,8338,8,39,SGD,0.072721,False,-
37,1,1,irish_setter,australian_terrier,english_setter,5759,6,62,SGD,0.104472,False,-
38,1,1,irish_setter,australian_terrier,english_setter,5534,6,67,SGD,0.018598,False,-
39,1,1,irish_setter,australian_terrier,english_setter,9208,8,30,Adam,0.057712,False,-
40,1,1,irish_setter,australian_terrier,english_setter,4548,9,52,Adam,0.057527,False,-
41,1,1,australian_terrier,english_setter,irish_setter,9874,7,50,SGD,0.116745,False,-
42,1,1,australian_terrier,english_setter,irish_setter,1648,8,58,Adam,0.09807,False,-
43,1,1,australian_terrier,english_setter,irish_setter,2557,5,57,SGD,0.018808,False,-
44,1,1,australian_terrier,english_setter,irish_setter,956,5,35,Adam,0.04879,False,-
45,1,1,australian_terrier,english_setter,irish_setter,1218,5,61,SGD,0.011007,False,-
46,1,1,australian_terrier,english_setter,irish_setter,3446,9,68,Adam,0.048617,False,-
47,1,1,australian_terrier,english_setter,irish_setter,4893,5,51,Adam,0.438733,False,-
48,1,1,australian_terrier,english_setter,irish_setter,7996,7,77,Adam,0.068386,False,-
49,1,1,australian_terrier,english_setter,irish_setter,7339,8,28,SGD,0.040987,False,-
50,1,1,australian_terrier,english_setter,irish_setter,1060,9,62,SGD,0.046969,False,-
51,1,1,australian_terrier,irish_setter,english_setter,5088,8,42,SGD,0.014819,False,-
52,1,1,australian_terrier,irish_setter,english_setter,3327,7,58,SGD,0.018378,False,-
53,1,1,australian_terrier,irish_setter,english_setter,569,7,41,SGD,0.056302,False,-
54,1,1,australian_terrier,irish_setter,english_setter,1686,6,42,Adam,0.021892,False,-
55,1,1,australian_terrier,irish_setter,english_setter,8096,5,40,Adam,0.150409,False,-
56,1,1,australian_terrier,irish_setter,english_setter,2806,6,59,SGD,0.061162,False,-
57,1,1,australian_terrier,irish_setter,english_setter,5625,5,37,Adam,0.073977,False,-
58,1,1,australian_terrier,irish_setter,english_setter,8173,8,31,SGD,0.246666,False,-
59,1,1,australian_terrier,irish_setter,english_setter,4146,5,57,Adam,0.055728,False,-
60,1,1,australian_terrier,irish_setter,english_setter,4777,7,55,SGD,0.021022,False,-
61,2,1,siberian_husky,malamute,eskimo_dog,3051,8,44,Adam,0.0592,False,-
62,2,1,siberian_husky,malamute,eskimo_dog,7027,7,75,SGD,0.096618,False,-
63,2,1,siberian_husky,malamute,eskimo_dog,635,6,70,Adam,0.030111,False,-
64,2,1,siberian_husky,malamute,eskimo_dog,5177,6,62,Adam,0.09952,False,-
65,2,1,siberian_husky,malamute,eskimo_dog,1081,6,47,SGD,0.029521,False,-
66,2,1,siberian_husky,malamute,eskimo_dog,559,5,36,SGD,0.103756,False,-
67,2,1,siberian_husky,malamute,eskimo_dog,4070,9,35,Adam,0.217615,False,-
68,2,1,siberian_husky,malamute,eskimo_dog,1679,7,51,Adam,0.222596,False,-
69,2,1,siberian_husky,malamute,eskimo_dog,2479,9,35,Adam,0.045771,False,-
70,2,1,siberian_husky,malamute,eskimo_dog,5881,6,55,SGD,0.09115,False,-
71,2,1,siberian_husky,eskimo_dog,malamute,4611,6,56,SGD,0.03658,False,-
72,2,1,siberian_husky,eskimo_dog,malamute,1687,8,78,Adam,0.018495,False,-
73,2,1,siberian_husky,eskimo_dog,malamute,2738,7,52,SGD,0.079711,False,-
74,2,1,siberian_husky,eskimo_dog,malamute,3913,7,59,Adam,0.030253,False,-
75,2,1,siberian_husky,eskimo_dog,malamute,8967,9,46,Adam,0.098242,False,-
76,2,1,siberian_husky,eskimo_dog,malamute,7668,6,68,SGD,0.063662,False,-
77,2,1,siberian_husky,eskimo_dog,malamute,7164,5,21,SGD,0.151322,False,-
78,2,1,siberian_husky,eskimo_dog,malamute,2786,5,45,Adam,0.067626,False,-
79,2,1,siberian_husky,eskimo_dog,malamute,2143,9,66,SGD,0.020467,False,-
80,2,1,siberian_husky,eskimo_dog,malamute,2914,5,64,Adam,0.008202,False,-
81,2,1,malamute,siberian_husky,eskimo_dog,728,9,51,Adam,0.098587,False,-
82,2,1,malamute,siberian_husky,eskimo_dog,7400,7,50,SGD,0.030486,False,-
83,2,1,malamute,siberian_husky,eskimo_dog,4946,6,42,Adam,0.265513,False,-
84,2,1,malamute,siberian_husky,eskimo_dog,7192,8,72,SGD,0.093793,False,-
85,2,1,malamute,siberian_husky,eskimo_dog,1062,9,59,SGD,0.190184,False,-
86,2,1,malamute,siberian_husky,eskimo_dog,4846,8,68,SGD,0.07404,False,-
87,2,1,malamute,siberian_husky,eskimo_dog,1542,9,47,SGD,0.016816,False,-
88,2,1,malamute,siberian_husky,eskimo_dog,9409,9,31,SGD,0.053036,False,-
89,2,1,malamute,siberian_husky,eskimo_dog,9580,5,50,SGD,0.071845,False,-
90,2,1,malamute,siberian_husky,eskimo_dog,1324,8,74,Adam,0.023202,False,-
91,2,1,malamute,eskimo_dog,siberian_husky,2923,7,43,Adam,0.019495,False,-
92,2,1,malamute,eskimo_dog,siberian_husky,4268,9,76,SGD,0.01076,False,-
93,2,1,malamute,eskimo_dog,siberian_husky,8647,9,63,SGD,0.089505,False,-
94,2,1,malamute,eskimo_dog,siberian_husky,504,8,65,Adam,0.036118,False,-
95,2,1,malamute,eskimo_dog,siberian_husky,133,6,58,Adam,0.050291,False,-
96,2,1,malamute,eskimo_dog,siberian_husky,9442,7,55,SGD,0.074155,False,-
97,2,1,malamute,eskimo_dog,siberian_husky,5645,5,73,SGD,0.212858,False,-
98,2,1,malamute,eskimo_dog,siberian_husky,8120,7,53,SGD,0.108723,False,-
99,2,1,malamute,eskimo_dog,siberian_husky,9337,8,36,Adam,0.177518,False,-
100,2,1,malamute,eskimo_dog,siberian_husky,539,8,35,Adam,0.026864,False,-
101,2,1,eskimo_dog,siberian_husky,malamute,7102,5,45,SGD,0.013836,False,-
102,2,1,eskimo_dog,siberian_husky,malamute,924,9,35,SGD,0.215492,False,-
103,2,1,eskimo_dog,siberian_husky,malamute,7409,7,72,SGD,0.034206,False,-
104,2,1,eskimo_dog,siberian_husky,malamute,7449,5,53,Adam,0.134023,False,-
105,2,1,eskimo_dog,siberian_husky,malamute,384,9,55,SGD,0.051694,False,-
106,2,1,eskimo_dog,siberian_husky,malamute,4809,6,34,Adam,0.029903,False,-
107,2,1,eskimo_dog,siberian_husky,malamute,2048,7,41,SGD,0.029106,False,-
108,2,1,eskimo_dog,siberian_husky,malamute,3419,6,10,SGD,0.040171,False,-
109,2,1,eskimo_dog,siberian_husky,malamute,4363,5,85,SGD,0.202761,False,-
110,2,1,eskimo_dog,siberian_husky,malamute,6544,9,77,Adam,0.100486,False,-
111,2,1,eskimo_dog,malamute,siberian_husky,6881,6,29,Adam,0.1581,False,-
112,2,1,eskimo_dog,malamute,siberian_husky,1331,5,77,Adam,0.052827,False,-
113,2,1,eskimo_dog,malamute,siberian_husky,4854,6,29,Adam,0.047623,False,-
114,2,1,eskimo_dog,malamute,siberian_husky,7941,9,37,SGD,0.030752,False,-
115,2,1,eskimo_dog,malamute,siberian_husky,1906,5,90,Adam,0.02062,False,-
116,2,1,eskimo_dog,malamute,siberian_husky,6031,8,47,SGD,0.021336,False,-
117,2,1,eskimo_dog,malamute,siberian_husky,3266,7,40,Adam,0.074514,False,-
118,2,1,eskimo_dog,malamute,siberian_husky,7570,9,47,Adam,0.026402,False,-
119,2,1,eskimo_dog,malamute,siberian_husky,6981,5,22,SGD,0.075047,False,-
120,2,1,eskimo_dog,malamute,siberian_husky,9945,9,45,Adam,0.04,False,-
121,3,1,persian_cat,siamese_cat,egyptian_cat,6493,7,67,SGD,0.03031,False,-
122,3,1,persian_cat,siamese_cat,egyptian_cat,1276,8,46,Adam,0.01864,False,-
123,3,1,persian_cat,siamese_cat,egyptian_cat,8150,6,67,SGD,0.022588,False,-
124,3,1,persian_cat,siamese_cat,egyptian_cat,2797,7,40,Adam,0.053056,False,-
125,3,1,persian_cat,siamese_cat,egyptian_cat,6882,7,42,Adam,0.024146,False,-
126,3,1,persian_cat,siamese_cat,egyptian_cat,8905,5,31,Adam,0.058739,False,-
127,3,1,persian_cat,siamese_cat,egyptian_cat,6168,8,75,Adam,0.01749,False,-
128,3,1,persian_cat,siamese_cat,egyptian_cat,6371,6,86,SGD,0.151484,False,-
129,3,1,persian_cat,siamese_cat,egyptian_cat,2472,9,75,SGD,0.017462,False,-
130,3,1,persian_cat,siamese_cat,egyptian_cat,876,9,45,Adam,0.018187,False,-
131,3,1,persian_cat,egyptian_cat,siamese_cat,6986,5,55,Adam,0.02561,False,-
132,3,1,persian_cat,egyptian_cat,siamese_cat,9111,6,66,Adam,0.05592,False,-
133,3,1,persian_cat,egyptian_cat,siamese_cat,117,5,81,SGD,0.046906,False,-
134,3,1,persian_cat,egyptian_cat,siamese_cat,4289,7,29,SGD,0.076895,False,-
135,3,1,persian_cat,egyptian_cat,siamese_cat,6469,6,43,SGD,0.01175,False,-
136,3,1,persian_cat,egyptian_cat,siamese_cat,4208,8,58,Adam,0.02415,False,-
137,3,1,persian_cat,egyptian_cat,siamese_cat,1828,7,52,SGD,0.072909,False,-
138,3,1,persian_cat,egyptian_cat,siamese_cat,9093,6,86,SGD,0.010505,False,-
139,3,1,persian_cat,egyptian_cat,siamese_cat,7041,9,46,Adam,0.061343,False,-
140,3,1,persian_cat,egyptian_cat,siamese_cat,2832,5,44,Adam,0.348917,False,-
141,3,1,siamese_cat,persian_cat,egyptian_cat,9310,5,61,Adam,0.083329,False,-
142,3,1,siamese_cat,persian_cat,egyptian_cat,1908,7,56,SGD,0.043957,False,-
143,3,1,siamese_cat,persian_cat,egyptian_cat,5951,9,60,Adam,0.035811,False,-
144,3,1,siamese_cat,persian_cat,egyptian_cat,6941,7,60,SGD,0.035551,False,-
145,3,1,siamese_cat,persian_cat,egyptian_cat,7577,8,67,SGD,0.012704,False,-
146,3,1,siamese_cat,persian_cat,egyptian_cat,9510,7,65,Adam,0.291347,False,-
147,3,1,siamese_cat,persian_cat,egyptian_cat,9184,5,36,SGD,0.013695,False,-
148,3,1,siamese_cat,persian_cat,egyptian_cat,3687,7,20,Adam,0.156607,False,-
149,3,1,siamese_cat,persian_cat,egyptian_cat,1202,6,60,SGD,0.035713,False,-
150,3,1,siamese_cat,persian_cat,egyptian_cat,8669,7,47,Adam,0.068773,False,-
151,3,1,siamese_cat,egyptian_cat,persian_cat,950,5,56,SGD,0.033975,False,-
152,3,1,siamese_cat,egyptian_cat,persian_cat,1865,5,56,Adam,0.023333,False,-
153,3,1,siamese_cat,egyptian_cat,persian_cat,6359,8,74,Adam,0.034885,False,-
154,3,1,siamese_cat,egyptian_cat,persian_cat,2371,8,74,SGD,0.246462,False,-
155,3,1,siamese_cat,egyptian_cat,persian_cat,2116,8,28,Adam,0.164777,False,-
156,3,1,siamese_cat,egyptian_cat,persian_cat,8554,8,50,SGD,0.035018,False,-
157,3,1,siamese_cat,egyptian_cat,persian_cat,3531,8,81,SGD,0.079836,False,-
158,3,1,siamese_cat,egyptian_cat,persian_cat,5959,6,45,Adam,0.141067,False,-
159,3,1,siamese_cat,egyptian_cat,persian_cat,4146,9,45,Adam,0.033497,False,-
160,3,1,siamese_cat,egyptian_cat,persian_cat,3030,5,36,Adam,0.020661,False,-
161,3,1,egyptian_cat,persian_cat,siamese_cat,2708,5,43,SGD,0.084468,False,-
162,3,1,egyptian_cat,persian_cat,siamese_cat,7970,8,67,Adam,0.052795,False,-
163,3,1,egyptian_cat,persian_cat,siamese_cat,8666,6,57,Adam,0.092586,False,-
164,3,1,egyptian_cat,persian_cat,siamese_cat,1205,5,14,SGD,0.047671,False,-
165,3,1,egyptian_cat,persian_cat,siamese_cat,6320,9,82,Adam,0.12261,False,-
166,3,1,egyptian_cat,persian_cat,siamese_cat,5588,5,50,Adam,0.020543,False,-
167,3,1,egyptian_cat,persian_cat,siamese_cat,9916,5,39,Adam,0.020356,False,-
168,3,1,egyptian_cat,persian_cat,siamese_cat,2482,7,46,Adam,0.122838,False,-
169,3,1,egyptian_cat,persian_cat,siamese_cat,4524,9,93,Adam,0.020534,False,-
170,3,1,egyptian_cat,persian_cat,siamese_cat,5490,6,15,Adam,0.119219,False,-
171,3,1,egyptian_cat,siamese_cat,persian_cat,5797,7,49,SGD,0.036988,False,-
172,3,1,egyptian_cat,siamese_cat,persian_cat,8038,7,33,SGD,0.026722,False,-
173,3,1,egyptian_cat,siamese_cat,persian_cat,3451,5,69,Adam,0.137689,False,-
174,3,1,egyptian_cat,siamese_cat,persian_cat,5954,7,93,Adam,0.05609,False,-
175,3,1,egyptian_cat,siamese_cat,persian_cat,3300,7,57,SGD,0.108896,False,-
176,3,1,egyptian_cat,siamese_cat,persian_cat,7970,7,50,Adam,0.021364,False,-
177,3,1,egyptian_cat,siamese_cat,persian_cat,6150,6,29,SGD,0.204283,False,-
178,3,1,egyptian_cat,siamese_cat,persian_cat,6852,8,70,Adam,0.033175,False,-
179,3,1,egyptian_cat,siamese_cat,persian_cat,4491,8,35,SGD,0.202672,False,-
180,3,1,egyptian_cat,siamese_cat,persian_cat,7083,7,69,SGD,0.048569,False,-
181,4,1,granny_smith,orange,lemon,2768,6,87,Adam,0.085248,False,-
182,4,1,granny_smith,orange,lemon,5877,7,39,SGD,0.041672,False,-
183,4,1,granny_smith,orange,lemon,8996,7,56,SGD,0.142228,False,-
184,4,1,granny_smith,orange,lemon,8232,6,85,SGD,0.088396,False,-
185,4,1,granny_smith,orange,lemon,1622,9,79,SGD,0.174889,False,-
186,4,1,granny_smith,orange,lemon,8646,6,52,Adam,0.09492,False,-
187,4,1,granny_smith,orange,lemon,2681,6,62,Adam,0.027859,False,-
188,4,1,granny_smith,orange,lemon,5490,6,67,SGD,0.045063,False,-
189,4,1,granny_smith,orange,lemon,9442,6,62,Adam,0.04529,False,-
190,4,1,granny_smith,orange,lemon,7479,5,59,Adam,0.01258,False,-
191,4,1,granny_smith,lemon,orange,7101,7,29,SGD,0.109667,False,-
192,4,1,granny_smith,lemon,orange,1524,5,57,Adam,0.038087,False,-
193,4,1,granny_smith,lemon,orange,9130,6,43,Adam,0.046859,False,-
194,4,1,granny_smith,lemon,orange,4203,8,50,SGD,0.029389,False,-
195,4,1,granny_smith,lemon,orange,6960,9,64,SGD,0.111706,False,-
196,4,1,granny_smith,lemon,orange,4107,7,67,SGD,0.08167,False,-
197,4,1,granny_smith,lemon,orange,2421,5,59,SGD,0.089597,False,-
198,4,1,granny_smith,lemon,orange,8680,9,50,SGD,0.054615,False,-
199,4,1,granny_smith,lemon,orange,8592,6,67,Adam,0.055414,False,-
200,4,1,granny_smith,lemon,orange,8820,5,52,Adam,0.044015,False,-
201,4,1,orange,granny_smith,lemon,1500,6,75,SGD,0.005685,False,-
202,4,1,orange,granny_smith,lemon,7693,7,42,SGD,0.446419,False,-
203,4,1,orange,granny_smith,lemon,2983,6,51,Adam,0.055464,False,-
204,4,1,orange,granny_smith,lemon,6640,8,45,SGD,0.114731,False,-
205,4,1,orange,granny_smith,lemon,8684,6,51,Adam,0.110437,False,-
206,4,1,orange,granny_smith,lemon,545,7,56,SGD,0.116762,False,-
207,4,1,orange,granny_smith,lemon,3810,7,47,Adam,0.153735,False,-
208,4,1,orange,granny_smith,lemon,271,8,29,SGD,0.012193,False,-
209,4,1,orange,granny_smith,lemon,3760,7,27,SGD,0.039172,False,-
210,4,1,orange,granny_smith,lemon,145,9,54,Adam,0.060047,False,-
211,4,1,orange,lemon,granny_smith,7511,8,69,SGD,0.041954,False,-
212,4,1,orange,lemon,granny_smith,8202,9,52,SGD,0.029377,False,-
213,4,1,orange,lemon,granny_smith,5429,9,53,Adam,0.033343,False,-
214,4,1,orange,lemon,granny_smith,6402,9,76,SGD,0.031537,False,-
215,4,1,orange,lemon,granny_smith,8194,7,44,SGD,0.028357,False,-
216,4,1,orange,lemon,granny_smith,4675,9,45,SGD,0.03651,False,-
217,4,1,orange,lemon,granny_smith,5016,6,59,SGD,0.065061,False,-
218,4,1,orange,lemon,granny_smith,9610,7,40,Adam,0.025154,False,-
219,4,1,orange,lemon,granny_smith,5370,9,55,SGD,0.030053,False,-
220,4,1,orange,lemon,granny_smith,9903,9,68,SGD,0.051237,False,-
221,4,1,lemon,granny_smith,orange,6183,7,61,SGD,0.082941,False,-
222,4,1,lemon,granny_smith,orange,2383,8,67,SGD,0.074707,False,-
223,4,1,lemon,granny_smith,orange,4286,7,45,SGD,0.073128,False,-
224,4,1,lemon,granny_smith,orange,9017,5,49,SGD,0.025557,False,-
225,4,1,lemon,granny_smith,orange,3998,6,61,SGD,0.068586,False,-
226,4,1,lemon,granny_smith,orange,294,6,67,SGD,0.015123,False,-
227,4,1,lemon,granny_smith,orange,2064,6,64,SGD,0.281001,False,-
228,4,1,lemon,granny_smith,orange,5445,7,58,SGD,0.175865,False,-
229,4,1,lemon,granny_smith,orange,1435,8,63,SGD,0.02835,False,-
230,4,1,lemon,granny_smith,orange,7059,8,52,SGD,0.036018,False,-
231,4,1,lemon,orange,granny_smith,9109,5,27,SGD,0.107745,False,-
232,4,1,lemon,orange,granny_smith,6353,6,85,SGD,0.027546,False,-
233,4,1,lemon,orange,granny_smith,5126,9,78,SGD,0.047236,False,-
234,4,1,lemon,orange,granny_smith,9645,6,36,SGD,0.043188,False,-
235,4,1,lemon,orange,granny_smith,1098,8,61,Adam,0.079044,False,-
236,4,1,lemon,orange,granny_smith,5658,7,64,Adam,0.04599,False,-
237,4,1,lemon,orange,granny_smith,4179,7,68,Adam,0.042203,False,-
238,4,1,lemon,orange,granny_smith,1980,7,56,Adam,0.041439,False,-
239,4,1,lemon,orange,granny_smith,5390,8,62,Adam,0.048648,False,-
240,4,1,lemon,orange,granny_smith,5776,9,65,SGD,0.088747,False,-
241,5,1,airliner,warplane,space_shuttle,6342,7,45,SGD,0.105376,False,-
242,5,1,airliner,warplane,space_shuttle,4473,7,52,Adam,0.017026,False,-
243,5,1,airliner,warplane,space_shuttle,1875,8,32,Adam,0.064129,False,-
244,5,1,airliner,warplane,space_shuttle,5109,9,67,Adam,0.029537,False,-
245,5,1,airliner,warplane,space_shuttle,3788,5,48,SGD,0.007161,False,-
246,5,1,airliner,warplane,space_shuttle,9759,7,66,SGD,0.069974,False,-
247,5,1,airliner,warplane,space_shuttle,778,7,51,SGD,0.036058,False,-
248,5,1,airliner,warplane,space_shuttle,5791,8,62,Adam,0.20707,False,-
249,5,1,airliner,warplane,space_shuttle,8032,6,70,Adam,0.053572,False,-
250,5,1,airliner,warplane,space_shuttle,6732,8,34,SGD,0.02053,False,-
251,5,1,airliner,space_shuttle,warplane,89,6,46,Adam,0.078714,False,-
252,5,1,airliner,space_shuttle,warplane,1895,7,80,SGD,0.150546,False,-
253,5,1,airliner,space_shuttle,warplane,552,6,73,SGD,0.077886,False,-
254,5,1,airliner,space_shuttle,warplane,2430,7,56,SGD,0.106471,False,-
255,5,1,airliner,space_shuttle,warplane,8601,7,80,SGD,0.03445,False,-
256,5,1,airliner,space_shuttle,warplane,1560,9,31,Adam,0.115728,False,-
257,5,1,airliner,space_shuttle,warplane,4780,9,64,Adam,0.122881,False,-
258,5,1,airliner,space_shuttle,warplane,3665,6,35,SGD,0.129867,False,-
259,5,1,airliner,space_shuttle,warplane,9274,7,52,Adam,0.027114,False,-
260,5,1,airliner,space_shuttle,warplane,6078,5,49,SGD,0.065967,False,-
261,5,1,warplane,airliner,space_shuttle,956,8,75,SGD,0.091261,False,-
262,5,1,warplane,airliner,space_shuttle,955,6,58,Adam,0.115058,False,-
263,5,1,warplane,airliner,space_shuttle,5631,8,30,SGD,0.031486,False,-
264,5,1,warplane,airliner,space_shuttle,9461,9,62,SGD,0.01826,False,-
265,5,1,warplane,airliner,space_shuttle,2958,5,61,SGD,0.028768,False,-
266,5,1,warplane,airliner,space_shuttle,9131,6,59,Adam,0.039431,False,-
267,5,1,warplane,airliner,space_shuttle,2365,8,79,SGD,0.013345,False,-
268,5,1,warplane,airliner,space_shuttle,3155,6,59,Adam,0.028131,False,-
269,5,1,warplane,airliner,space_shuttle,8219,6,80,Adam,0.170348,False,-
270,5,1,warplane,airliner,space_shuttle,7062,7,52,Adam,0.110409,False,-
271,5,1,warplane,space_shuttle,airliner,5724,6,41,Adam,0.0699,False,-
272,5,1,warplane,space_shuttle,airliner,5895,7,35,SGD,0.014845,False,-
273,5,1,warplane,space_shuttle,airliner,2734,9,77,SGD,0.057395,False,-
274,5,1,warplane,space_shuttle,airliner,2203,8,47,SGD,0.051581,False,-
275,5,1,warplane,space_shuttle,airliner,968,9,53,SGD,0.021754,False,-
276,5,1,warplane,space_shuttle,airliner,6980,5,46,Adam,0.050159,False,-
277,5,1,warplane,space_shuttle,airliner,2740,6,57,SGD,0.071506,False,-
278,5,1,warplane,space_shuttle,airliner,5342,7,86,Adam,0.044526,False,-
279,5,1,warplane,space_shuttle,airliner,6527,9,44,Adam,0.074597,False,-
280,5,1,warplane,space_shuttle,airliner,9206,9,71,Adam,0.043667,False,-
281,5,1,space_shuttle,airliner,warplane,5238,6,53,Adam,0.048731,False,-
282,5,1,space_shuttle,airliner,warplane,7705,5,71,Adam,0.128687,False,-
283,5,1,space_shuttle,airliner,warplane,3124,9,27,Adam,0.105903,False,-
284,5,1,space_shuttle,airliner,warplane,703,5,49,Adam,0.058716,False,-
285,5,1,space_shuttle,airliner,warplane,7114,8,73,SGD,0.08676,False,-
286,5,1,space_shuttle,airliner,warplane,4114,6,65,Adam,0.082771,False,-
287,5,1,space_shuttle,airliner,warplane,5450,5,56,Adam,0.021863,False,-
288,5,1,space_shuttle,airliner,warplane,3726,5,35,SGD,0.013367,False,-
289,5,1,space_shuttle,airliner,warplane,2875,9,31,Adam,0.039053,False,-
290,5,1,space_shuttle,airliner,warplane,6059,6,37,SGD,0.063906,False,-
291,5,1,space_shuttle,warplane,airliner,9153,5,69,SGD,0.038394,False,-
292,5,1,space_shuttle,warplane,airliner,1177,5,34,SGD,0.013349,False,-
293,5,1,space_shuttle,warplane,airliner,8234,6,57,SGD,0.213659,False,-
294,5,1,space_shuttle,warplane,airliner,9206,9,51,SGD,0.06813,False,-
295,5,1,space_shuttle,warplane,airliner,140,7,54,Adam,0.023277,False,-
296,5,1,space_shuttle,warplane,airliner,3610,9,57,Adam,0.151617,False,-
297,5,1,space_shuttle,warplane,airliner,5539,6,59,SGD,0.047212,False,-
298,5,1,space_shuttle,warplane,airliner,4445,7,46,Adam,0.075083,False,-
299,5,1,space_shuttle,warplane,airliner,8105,9,75,SGD,0.046882,False,-
300,5,1,space_shuttle,warplane,airliner,5495,9,62,SGD,0.055653,False,-
301,6,2,siberian_husky,grand_piano,english_setter,7285,9,50,Adam,0.068629,False,-
302,6,2,siberian_husky,grand_piano,english_setter,9,6,66,SGD,0.04064,False,-
303,6,2,siberian_husky,grand_piano,english_setter,1072,6,42,SGD,0.021351,False,-
304,6,2,siberian_husky,grand_piano,english_setter,3683,8,70,SGD,0.078539,False,-
305,6,2,siberian_husky,grand_piano,english_setter,3040,6,48,SGD,0.031153,False,-
306,6,2,siberian_husky,grand_piano,english_setter,630,9,73,SGD,0.182449,False,-
307,6,2,siberian_husky,grand_piano,english_setter,8841,5,76,Adam,0.012929,False,-
308,6,2,siberian_husky,grand_piano,english_setter,769,7,80,Adam,0.104178,False,-
309,6,2,siberian_husky,grand_piano,english_setter,6780,5,63,Adam,0.183181,False,-
310,6,2,siberian_husky,grand_piano,english_setter,5101,8,46,Adam,0.022108,False,-
311,6,2,siberian_husky,english_setter,grand_piano,2472,8,73,SGD,0.041922,False,-
312,6,2,siberian_husky,english_setter,grand_piano,2475,7,34,SGD,0.096252,False,-
313,6,2,siberian_husky,english_setter,grand_piano,8258,8,37,SGD,0.018559,False,-
314,6,2,siberian_husky,english_setter,grand_piano,5291,6,25,SGD,0.030103,False,-
315,6,2,siberian_husky,english_setter,grand_piano,3374,5,50,Adam,0.01922,False,-
316,6,2,siberian_husky,english_setter,grand_piano,3083,5,19,Adam,0.033392,False,-
317,6,2,siberian_husky,english_setter,grand_piano,6770,9,67,Adam,0.091747,False,-
318,6,2,siberian_husky,english_setter,grand_piano,285,9,51,SGD,0.036257,False,-
319,6,2,siberian_husky,english_setter,grand_piano,4895,5,57,Adam,0.357932,False,-
320,6,2,siberian_husky,english_setter,grand_piano,3725,8,38,Adam,0.024434,False,-
321,6,2,grand_piano,siberian_husky,english_setter,340,6,56,Adam,0.087727,False,-
322,6,2,grand_piano,siberian_husky,english_setter,5299,6,60,SGD,0.365825,False,-
323,6,2,grand_piano,siberian_husky,english_setter,4437,8,49,SGD,0.072163,False,-
324,6,2,grand_piano,siberian_husky,english_setter,8785,9,68,SGD,0.03947,False,-
325,6,2,grand_piano,siberian_husky,english_setter,8325,7,44,Adam,0.1101,False,-
326,6,2,grand_piano,siberian_husky,english_setter,7842,6,48,SGD,0.032225,False,-
327,6,2,grand_piano,siberian_husky,english_setter,6097,6,51,SGD,0.058313,False,-
328,6,2,grand_piano,siberian_husky,english_setter,4259,5,75,Adam,0.077789,False,-
329,6,2,grand_piano,siberian_husky,english_setter,2530,5,62,Adam,0.110609,False,-
330,6,2,grand_piano,siberian_husky,english_setter,2964,6,31,Adam,0.051246,False,-
331,6,2,grand_piano,english_setter,siberian_husky,7179,8,55,Adam,0.010251,False,-
332,6,2,grand_piano,english_setter,siberian_husky,5947,9,55,Adam,0.041396,False,-
333,6,2,grand_piano,english_setter,siberian_husky,6430,7,35,Adam,0.062204,False,-
334,6,2,grand_piano,english_setter,siberian_husky,6525,7,64,Adam,0.149486,False,-
335,6,2,grand_piano,english_setter,siberian_husky,5078,7,44,Adam,0.098625,False,-
336,6,2,grand_piano,english_setter,siberian_husky,8591,8,77,Adam,0.146405,False,-
337,6,2,grand_piano,english_setter,siberian_husky,1382,8,69,SGD,0.015178,False,-
338,6,2,grand_piano,english_setter,siberian_husky,3302,6,34,Adam,0.041593,False,-
339,6,2,grand_piano,english_setter,siberian_husky,1549,9,61,Adam,0.045893,False,-
340,6,2,grand_piano,english_setter,siberian_husky,7898,9,46,SGD,0.068115,False,-
341,6,2,english_setter,siberian_husky,grand_piano,6356,6,40,SGD,0.04857,False,-
342,6,2,english_setter,siberian_husky,grand_piano,4798,9,37,Adam,0.048216,False,-
343,6,2,english_setter,siberian_husky,grand_piano,593,7,34,Adam,0.013693,False,-
344,6,2,english_setter,siberian_husky,grand_piano,6164,6,44,SGD,0.114397,False,-
345,6,2,english_setter,siberian_husky,grand_piano,571,9,59,Adam,0.04357,False,-
346,6,2,english_setter,siberian_husky,grand_piano,2279,9,54,Adam,0.142193,False,-
347,6,2,english_setter,siberian_husky,grand_piano,6869,5,45,SGD,0.056967,False,-
348,6,2,english_setter,siberian_husky,grand_piano,7083,5,45,Adam,0.046857,False,-
349,6,2,english_setter,siberian_husky,grand_piano,3456,9,53,Adam,0.053683,False,-
350,6,2,english_setter,siberian_husky,grand_piano,147,9,43,SGD,0.008087,False,-
351,6,2,english_setter,grand_piano,siberian_husky,4531,7,39,Adam,0.076484,False,-
352,6,2,english_setter,grand_piano,siberian_husky,8964,6,64,Adam,0.142122,False,-
353,6,2,english_setter,grand_piano,siberian_husky,9154,5,42,Adam,0.024616,False,-
354,6,2,english_setter,grand_piano,siberian_husky,8569,6,43,Adam,0.037016,False,-
355,6,2,english_setter,grand_piano,siberian_husky,769,9,77,SGD,0.074741,False,-
356,6,2,english_setter,grand_piano,siberian_husky,8714,6,63,Adam,0.042075,False,-
357,6,2,english_setter,grand_piano,siberian_husky,5784,7,22,Adam,0.108545,False,-
358,6,2,english_setter,grand_piano,siberian_husky,2461,8,51,SGD,0.039897,False,-
359,6,2,english_setter,grand_piano,siberian_husky,7031,9,67,SGD,0.031227,False,-
360,6,2,english_setter,grand_piano,siberian_husky,4875,5,86,Adam,0.086375,False,-
361,7,2,kit_fox,umbrella,grey_whale,301,8,52,SGD,0.037195,False,-
362,7,2,kit_fox,umbrella,grey_whale,9560,8,60,SGD,0.029567,False,-
363,7,2,kit_fox,umbrella,grey_whale,9678,7,48,Adam,0.023468,False,-
364,7,2,kit_fox,umbrella,grey_whale,1724,5,26,SGD,0.053011,False,-
365,7,2,kit_fox,umbrella,grey_whale,2460,8,74,Adam,0.085311,False,-
366,7,2,kit_fox,umbrella,grey_whale,8553,6,51,SGD,0.025212,False,-
367,7,2,kit_fox,umbrella,grey_whale,2520,6,66,SGD,0.079429,False,-
368,7,2,kit_fox,umbrella,grey_whale,2159,9,79,SGD,0.406598,False,-
369,7,2,kit_fox,umbrella,grey_whale,8505,8,43,SGD,0.083628,False,-
370,7,2,kit_fox,umbrella,grey_whale,7544,8,41,Adam,0.035086,False,-
371,7,2,kit_fox,grey_whale,umbrella,7378,9,50,SGD,0.023441,False,-
372,7,2,kit_fox,grey_whale,umbrella,1929,7,60,Adam,0.024723,False,-
373,7,2,kit_fox,grey_whale,umbrella,4966,9,48,Adam,0.019358,False,-
374,7,2,kit_fox,grey_whale,umbrella,2563,9,46,SGD,0.057708,False,-
375,7,2,kit_fox,grey_whale,umbrella,6643,8,54,SGD,0.029211,False,-
376,7,2,kit_fox,grey_whale,umbrella,3390,7,52,SGD,0.034646,False,-
377,7,2,kit_fox,grey_whale,umbrella,5093,9,56,Adam,0.162354,False,-
378,7,2,kit_fox,grey_whale,umbrella,5469,5,42,Adam,0.044682,False,-
379,7,2,kit_fox,grey_whale,umbrella,2810,8,57,Adam,0.078977,False,-
380,7,2,kit_fox,grey_whale,umbrella,1283,8,49,Adam,0.06138,False,-
381,7,2,umbrella,kit_fox,grey_whale,2125,8,72,SGD,0.010568,False,-
382,7,2,umbrella,kit_fox,grey_whale,5624,8,33,Adam,0.019456,False,-
383,7,2,umbrella,kit_fox,grey_whale,6397,9,61,SGD,0.0583,False,-
384,7,2,umbrella,kit_fox,grey_whale,1449,7,70,SGD,0.042598,False,-
385,7,2,umbrella,kit_fox,grey_whale,6052,8,52,Adam,0.151435,False,-
386,7,2,umbrella,kit_fox,grey_whale,9817,8,56,Adam,0.055954,False,-
387,7,2,umbrella,kit_fox,grey_whale,685,8,50,SGD,0.022383,False,-
388,7,2,umbrella,kit_fox,grey_whale,6868,8,40,SGD,0.023217,False,-
389,7,2,umbrella,kit_fox,grey_whale,905,6,47,Adam,0.088149,False,-
390,7,2,umbrella,kit_fox,grey_whale,5347,7,56,Adam,0.020145,False,-
391,7,2,umbrella,grey_whale,kit_fox,9614,6,60,Adam,0.192418,False,-
392,7,2,umbrella,grey_whale,kit_fox,9135,9,53,Adam,0.030709,False,-
393,7,2,umbrella,grey_whale,kit_fox,5432,9,38,SGD,0.078367,False,-
394,7,2,umbrella,grey_whale,kit_fox,1938,7,56,Adam,0.065764,False,-
395,7,2,umbrella,grey_whale,kit_fox,8616,5,48,Adam,0.032275,False,-
396,7,2,umbrella,grey_whale,kit_fox,597,5,39,SGD,0.052305,False,-
397,7,2,umbrella,grey_whale,kit_fox,7097,7,57,SGD,0.037119,False,-
398,7,2,umbrella,grey_whale,kit_fox,1517,6,36,SGD,0.04753,False,-
399,7,2,umbrella,grey_whale,kit_fox,3137,6,19,SGD,0.022197,False,-
400,7,2,umbrella,grey_whale,kit_fox,8535,8,56,SGD,0.048926,False,-
401,7,2,grey_whale,kit_fox,umbrella,5055,9,47,SGD,0.023222,False,-
402,7,2,grey_whale,kit_fox,umbrella,5774,9,40,Adam,0.071906,False,-
403,7,2,grey_whale,kit_fox,umbrella,7548,5,78,SGD,0.067468,False,-
404,7,2,grey_whale,kit_fox,umbrella,2113,5,50,Adam,0.028509,False,-
405,7,2,grey_whale,kit_fox,umbrella,1577,8,47,Adam,0.130829,False,-
406,7,2,grey_whale,kit_fox,umbrella,2426,6,53,Adam,0.02468,False,-
407,7,2,grey_whale,kit_fox,umbrella,6411,6,51,SGD,0.027777,False,-
408,7,2,grey_whale,kit_fox,umbrella,8676,9,70,Adam,0.016499,False,-
409,7,2,grey_whale,kit_fox,umbrella,2285,6,62,SGD,0.025297,False,-
410,7,2,grey_whale,kit_fox,umbrella,2822,7,66,Adam,0.040054,False,-
411,7,2,grey_whale,umbrella,kit_fox,6629,5,48,Adam,0.053489,False,-
412,7,2,grey_whale,umbrella,kit_fox,687,7,70,SGD,0.030127,False,-
413,7,2,grey_whale,umbrella,kit_fox,5906,5,55,SGD,0.154089,False,-
414,7,2,grey_whale,umbrella,kit_fox,8766,9,39,SGD,0.070134,False,-
415,7,2,grey_whale,umbrella,kit_fox,9786,7,45,Adam,0.062141,False,-
416,7,2,grey_whale,umbrella,kit_fox,7833,9,62,Adam,0.041241,False,-
417,7,2,grey_whale,umbrella,kit_fox,7544,7,59,Adam,0.089431,False,-
418,7,2,grey_whale,umbrella,kit_fox,9346,8,40,SGD,0.033246,False,-
419,7,2,grey_whale,umbrella,kit_fox,3831,6,51,Adam,0.037125,False,-
420,7,2,grey_whale,umbrella,kit_fox,6450,6,66,SGD,0.136102,False,-
421,8,2,african_elephant,guitar,lab_coat,6416,9,61,Adam,0.067607,False,-
422,8,2,african_elephant,guitar,lab_coat,8915,9,37,SGD,0.128753,False,-
423,8,2,african_elephant,guitar,lab_coat,155,5,68,Adam,0.036792,False,-
424,8,2,african_elephant,guitar,lab_coat,7358,9,62,SGD,0.057479,False,-
425,8,2,african_elephant,guitar,lab_coat,4646,5,64,Adam,0.120967,False,-
426,8,2,african_elephant,guitar,lab_coat,4741,7,31,Adam,0.015884,False,-
427,8,2,african_elephant,guitar,lab_coat,4596,7,74,Adam,0.036816,False,-
428,8,2,african_elephant,guitar,lab_coat,8472,6,63,SGD,0.101044,False,-
429,8,2,african_elephant,guitar,lab_coat,7230,5,68,Adam,0.032667,False,-
430,8,2,african_elephant,guitar,lab_coat,2990,8,60,SGD,0.0297,False,-
431,8,2,african_elephant,lab_coat,guitar,285,5,54,Adam,0.039064,False,-
432,8,2,african_elephant,lab_coat,guitar,1762,5,70,Adam,0.024943,False,-
433,8,2,african_elephant,lab_coat,guitar,8259,8,61,SGD,0.102214,False,-
434,8,2,african_elephant,lab_coat,guitar,3198,9,47,Adam,0.094049,False,-
435,8,2,african_elephant,lab_coat,guitar,778,6,82,Adam,0.099008,False,-
436,8,2,african_elephant,lab_coat,guitar,7851,5,57,Adam,0.195407,False,-
437,8,2,african_elephant,lab_coat,guitar,9250,5,38,Adam,0.045595,False,-
438,8,2,african_elephant,lab_coat,guitar,6748,9,73,SGD,0.201829,False,-
439,8,2,african_elephant,lab_coat,guitar,1846,8,51,Adam,0.02536,False,-
440,8,2,african_elephant,lab_coat,guitar,193,6,60,Adam,0.049005,False,-
441,8,2,guitar,african_elephant,lab_coat,4005,5,67,Adam,0.058709,False,-
442,8,2,guitar,african_elephant,lab_coat,7616,5,51,Adam,0.009521,False,-
443,8,2,guitar,african_elephant,lab_coat,5410,9,92,SGD,0.028371,False,-
444,8,2,guitar,african_elephant,lab_coat,1325,5,50,SGD,0.027277,False,-
445,8,2,guitar,african_elephant,lab_coat,1968,6,60,Adam,0.043093,False,-
446,8,2,guitar,african_elephant,lab_coat,4912,5,56,SGD,0.144351,False,-
447,8,2,guitar,african_elephant,lab_coat,182,5,54,SGD,0.031048,False,-
448,8,2,guitar,african_elephant,lab_coat,3628,5,77,SGD,0.028227,False,-
449,8,2,guitar,african_elephant,lab_coat,6132,9,31,SGD,0.101879,False,-
450,8,2,guitar,african_elephant,lab_coat,6246,8,47,Adam,0.055991,False,-
451,8,2,guitar,lab_coat,african_elephant,726,5,79,Adam,0.102026,False,-
452,8,2,guitar,lab_coat,african_elephant,989,5,22,Adam,0.028006,False,-
453,8,2,guitar,lab_coat,african_elephant,935,8,51,Adam,0.098895,False,-
454,8,2,guitar,lab_coat,african_elephant,5889,9,38,SGD,0.15393,False,-
455,8,2,guitar,lab_coat,african_elephant,9101,6,50,SGD,0.038624,False,-
456,8,2,guitar,lab_coat,african_elephant,1628,7,37,Adam,0.054304,False,-
457,8,2,guitar,lab_coat,african_elephant,2466,7,95,Adam,0.033759,False,-
458,8,2,guitar,lab_coat,african_elephant,9428,5,52,SGD,0.015176,False,-
459,8,2,guitar,lab_coat,african_elephant,7461,8,70,Adam,0.03807,False,-
460,8,2,guitar,lab_coat,african_elephant,3500,5,70,Adam,0.029115,False,-
461,8,2,lab_coat,african_elephant,guitar,1823,7,87,SGD,0.016526,False,-
462,8,2,lab_coat,african_elephant,guitar,2070,7,27,SGD,0.127072,False,-
463,8,2,lab_coat,african_elephant,guitar,1635,8,40,Adam,0.162939,False,-
464,8,2,lab_coat,african_elephant,guitar,6,8,52,SGD,0.070261,False,-
465,8,2,lab_coat,african_elephant,guitar,913,8,61,Adam,0.143858,False,-
466,8,2,lab_coat,african_elephant,guitar,8767,9,73,SGD,0.054418,False,-
467,8,2,lab_coat,african_elephant,guitar,1054,8,38,Adam,0.053834,False,-
468,8,2,lab_coat,african_elephant,guitar,7597,7,38,Adam,0.037274,False,-
469,8,2,lab_coat,african_elephant,guitar,6268,9,63,Adam,0.039306,False,-
470,8,2,lab_coat,african_elephant,guitar,6313,8,65,SGD,0.038118,False,-
471,8,2,lab_coat,guitar,african_elephant,6139,5,53,Adam,0.071231,False,-
472,8,2,lab_coat,guitar,african_elephant,7151,8,54,SGD,0.068412,False,-
473,8,2,lab_coat,guitar,african_elephant,8556,9,51,Adam,0.132945,False,-
474,8,2,lab_coat,guitar,african_elephant,1439,9,36,SGD,0.024921,False,-
475,8,2,lab_coat,guitar,african_elephant,358,8,69,Adam,0.011565,False,-
476,8,2,lab_coat,guitar,african_elephant,6626,9,51,Adam,0.322172,False,-
477,8,2,lab_coat,guitar,african_elephant,6416,7,59,SGD,0.10224,False,-
478,8,2,lab_coat,guitar,african_elephant,6905,7,48,Adam,0.017941,False,-
479,8,2,lab_coat,guitar,african_elephant,8848,9,32,SGD,0.06037,False,-
480,8,2,lab_coat,guitar,african_elephant,1140,6,58,SGD,0.205008,False,-
481,9,2,cougar,baseball,garden_spider,6538,8,57,Adam,0.036304,False,-
482,9,2,cougar,baseball,garden_spider,882,7,41,SGD,0.050951,False,-
483,9,2,cougar,baseball,garden_spider,7166,6,100,SGD,0.018397,False,-
484,9,2,cougar,baseball,garden_spider,2454,7,22,SGD,0.612748,False,-
485,9,2,cougar,baseball,garden_spider,6068,7,72,SGD,0.038025,False,-
486,9,2,cougar,baseball,garden_spider,2819,9,57,Adam,0.04948,False,-
487,9,2,cougar,baseball,garden_spider,7084,5,34,Adam,0.107579,False,-
488,9,2,cougar,baseball,garden_spider,7742,7,63,SGD,0.004737,False,-
489,9,2,cougar,baseball,garden_spider,8182,6,84,SGD,0.041043,False,-
490,9,2,cougar,baseball,garden_spider,3637,6,48,Adam,0.027388,False,-
491,9,2,cougar,garden_spider,baseball,6337,5,41,SGD,0.028806,False,-
492,9,2,cougar,garden_spider,baseball,7470,7,46,Adam,0.098795,False,-
493,9,2,cougar,garden_spider,baseball,1088,8,62,Adam,0.08826,False,-
494,9,2,cougar,garden_spider,baseball,9959,9,62,SGD,0.073444,False,-
495,9,2,cougar,garden_spider,baseball,3175,5,40,SGD,0.108614,False,-
496,9,2,cougar,garden_spider,baseball,2014,7,43,SGD,0.038915,False,-
497,9,2,cougar,garden_spider,baseball,5409,9,55,Adam,0.081016,False,-
498,9,2,cougar,garden_spider,baseball,5776,6,64,Adam,0.105405,False,-
499,9,2,cougar,garden_spider,baseball,1497,9,38,SGD,0.08283,False,-
500,9,2,cougar,garden_spider,baseball,2951,7,55,SGD,0.037873,False,-
501,9,2,baseball,cougar,garden_spider,5789,9,77,Adam,0.03395,False,-
502,9,2,baseball,cougar,garden_spider,182,6,82,Adam,0.134144,False,-
503,9,2,baseball,cougar,garden_spider,159,6,67,SGD,0.022849,False,-
504,9,2,baseball,cougar,garden_spider,6846,8,60,Adam,0.033135,False,-
505,9,2,baseball,cougar,garden_spider,6046,6,60,Adam,0.023331,False,-
506,9,2,baseball,cougar,garden_spider,7758,5,55,Adam,0.049418,False,-
507,9,2,baseball,cougar,garden_spider,3167,5,42,Adam,0.122514,False,-
508,9,2,baseball,cougar,garden_spider,2624,7,65,Adam,0.03369,False,-
509,9,2,baseball,cougar,garden_spider,9010,9,26,SGD,0.01923,False,-
510,9,2,baseball,cougar,garden_spider,8662,6,66,SGD,0.054406,False,-
511,9,2,baseball,garden_spider,cougar,7094,6,48,SGD,0.030597,False,-
512,9,2,baseball,garden_spider,cougar,9120,8,60,SGD,0.026169,False,-
513,9,2,baseball,garden_spider,cougar,5832,9,88,SGD,0.035857,False,-
514,9,2,baseball,garden_spider,cougar,1124,8,53,Adam,0.121162,False,-
515,9,2,baseball,garden_spider,cougar,7935,7,47,SGD,0.044236,False,-
516,9,2,baseball,garden_spider,cougar,2257,9,59,Adam,0.063316,False,-
517,9,2,baseball,garden_spider,cougar,4424,7,67,SGD,0.141635,False,-
518,9,2,baseball,garden_spider,cougar,9388,9,43,SGD,0.035637,False,-
519,9,2,baseball,garden_spider,cougar,7170,8,49,SGD,0.23973,False,-
520,9,2,baseball,garden_spider,cougar,234,7,70,SGD,0.075302,False,-
521,9,2,garden_spider,cougar,baseball,6708,8,59,Adam,0.029959,False,-
522,9,2,garden_spider,cougar,baseball,3173,6,51,Adam,0.00603,False,-
523,9,2,garden_spider,cougar,baseball,2064,8,53,Adam,0.050389,False,-
524,9,2,garden_spider,cougar,baseball,8931,6,85,Adam,0.059193,False,-
525,9,2,garden_spider,cougar,baseball,3227,5,61,Adam,0.050575,False,-
526,9,2,garden_spider,cougar,baseball,5818,5,49,Adam,0.031465,False,-
527,9,2,garden_spider,cougar,baseball,1524,5,56,Adam,0.17191,False,-
528,9,2,garden_spider,cougar,baseball,3709,8,57,SGD,0.051856,False,-
529,9,2,garden_spider,cougar,baseball,4552,7,60,Adam,0.125254,False,-
530,9,2,garden_spider,cougar,baseball,8835,7,59,SGD,0.056132,False,-
531,9,2,garden_spider,baseball,cougar,3276,8,44,SGD,0.048174,False,-
532,9,2,garden_spider,baseball,cougar,8584,9,86,SGD,0.070396,False,-
533,9,2,garden_spider,baseball,cougar,6683,5,64,SGD,0.024898,False,-
534,9,2,garden_spider,baseball,cougar,25,5,60,Adam,0.154185,False,-
535,9,2,garden_spider,baseball,cougar,3764,8,78,Adam,0.022102,False,-
536,9,2,garden_spider,baseball,cougar,1072,8,73,SGD,0.024257,False,-
537,9,2,garden_spider,baseball,cougar,8350,5,71,SGD,0.121379,False,-
538,9,2,garden_spider,baseball,cougar,7763,8,29,SGD,0.028003,False,-
539,9,2,garden_spider,baseball,cougar,2783,9,64,SGD,0.057713,False,-
540,9,2,garden_spider,baseball,cougar,1932,7,51,Adam,0.018579,False,-
541,10,2,rocking_chair,strawberry,ostrich,8811,5,19,SGD,0.080347,False,-
542,10,2,rocking_chair,strawberry,ostrich,9467,7,55,Adam,0.064925,False,-
543,10,2,rocking_chair,strawberry,ostrich,7186,6,61,SGD,0.050556,False,-
544,10,2,rocking_chair,strawberry,ostrich,3212,6,82,Adam,0.042736,False,-
545,10,2,rocking_chair,strawberry,ostrich,6976,7,40,SGD,0.072652,False,-
546,10,2,rocking_chair,strawberry,ostrich,5973,9,50,Adam,0.049759,False,-
547,10,2,rocking_chair,strawberry,ostrich,1636,8,36,Adam,0.080751,False,-
548,10,2,rocking_chair,strawberry,ostrich,2369,7,42,Adam,0.025875,False,-
549,10,2,rocking_chair,strawberry,ostrich,3947,9,54,SGD,0.081433,False,-
550,10,2,rocking_chair,strawberry,ostrich,4422,5,44,Adam,0.060419,False,-
551,10,2,rocking_chair,ostrich,strawberry,7778,5,29,SGD,0.035507,False,-
552,10,2,rocking_chair,ostrich,strawberry,8307,9,25,SGD,0.10168,False,-
553,10,2,rocking_chair,ostrich,strawberry,2161,5,55,Adam,0.02321,False,-
554,10,2,rocking_chair,ostrich,strawberry,4200,9,48,SGD,0.086212,False,-
555,10,2,rocking_chair,ostrich,strawberry,7423,7,25,Adam,0.192249,False,-
556,10,2,rocking_chair,ostrich,strawberry,1132,8,68,SGD,0.04408,False,-
557,10,2,rocking_chair,ostrich,strawberry,7812,9,64,SGD,0.076626,False,-
558,10,2,rocking_chair,ostrich,strawberry,3180,9,42,SGD,0.02184,False,-
559,10,2,rocking_chair,ostrich,strawberry,4570,8,65,Adam,0.037169,False,-
560,10,2,rocking_chair,ostrich,strawberry,9582,7,47,SGD,0.107119,False,-
561,10,2,strawberry,rocking_chair,ostrich,3607,6,55,Adam,0.142034,False,-
562,10,2,strawberry,rocking_chair,ostrich,3252,8,47,Adam,0.046644,False,-
563,10,2,strawberry,rocking_chair,ostrich,7997,5,44,SGD,0.051166,False,-
564,10,2,strawberry,rocking_chair,ostrich,6534,9,39,Adam,0.027345,False,-
565,10,2,strawberry,rocking_chair,ostrich,5934,8,73,SGD,0.095986,False,-
566,10,2,strawberry,rocking_chair,ostrich,1849,6,42,Adam,0.023782,False,-
567,10,2,strawberry,rocking_chair,ostrich,4591,7,65,SGD,0.027299,False,-
568,10,2,strawberry,rocking_chair,ostrich,1991,5,35,SGD,0.011801,False,-
569,10,2,strawberry,rocking_chair,ostrich,4538,6,61,SGD,0.152785,False,-
570,10,2,strawberry,rocking_chair,ostrich,2832,8,57,Adam,0.073769,False,-
571,10,2,strawberry,ostrich,rocking_chair,2800,5,42,SGD,0.076616,False,-
572,10,2,strawberry,ostrich,rocking_chair,7361,7,50,Adam,0.059386,False,-
573,10,2,strawberry,ostrich,rocking_chair,508,5,67,Adam,0.030385,False,-
574,10,2,strawberry,ostrich,rocking_chair,5260,8,70,SGD,0.105404,False,-
575,10,2,strawberry,ostrich,rocking_chair,2230,5,52,SGD,0.010336,False,-
576,10,2,strawberry,ostrich,rocking_chair,1151,8,50,SGD,0.047015,False,-
577,10,2,strawberry,ostrich,rocking_chair,2535,6,71,Adam,0.06657,False,-
578,10,2,strawberry,ostrich,rocking_chair,6871,7,83,SGD,0.050184,False,-
579,10,2,strawberry,ostrich,rocking_chair,5287,7,28,Adam,0.029483,False,-
580,10,2,strawberry,ostrich,rocking_chair,999,9,57,SGD,0.059841,False,-
581,10,2,ostrich,rocking_chair,strawberry,9729,7,43,Adam,0.049897,False,-
582,10,2,ostrich,rocking_chair,strawberry,8566,7,34,Adam,0.085919,False,-
583,10,2,ostrich,rocking_chair,strawberry,8160,5,54,Adam,0.041093,False,-
584,10,2,ostrich,rocking_chair,strawberry,139,5,53,SGD,0.087367,False,-
585,10,2,ostrich,rocking_chair,strawberry,7236,7,44,Adam,0.041308,False,-
586,10,2,ostrich,rocking_chair,strawberry,4821,9,57,SGD,0.048199,False,-
587,10,2,ostrich,rocking_chair,strawberry,2438,7,62,SGD,0.144934,False,-
588,10,2,ostrich,rocking_chair,strawberry,5911,6,54,SGD,0.040203,False,-
589,10,2,ostrich,rocking_chair,strawberry,517,6,51,SGD,0.023769,False,-
590,10,2,ostrich,rocking_chair,strawberry,3802,5,32,Adam,0.029599,False,-
591,10,2,ostrich,strawberry,rocking_chair,8399,6,69,SGD,0.017796,False,-
592,10,2,ostrich,strawberry,rocking_chair,1518,8,46,SGD,0.040062,False,-
593,10,2,ostrich,strawberry,rocking_chair,3554,6,72,SGD,0.112022,False,-
594,10,2,ostrich,strawberry,rocking_chair,4195,7,70,SGD,0.061865,False,-
595,10,2,ostrich,strawberry,rocking_chair,9369,5,63,Adam,0.065381,False,-
596,10,2,ostrich,strawberry,rocking_chair,1813,8,70,Adam,0.126904,False,-
597,10,2,ostrich,strawberry,rocking_chair,4396,8,56,SGD,0.08875,False,-
598,10,2,ostrich,strawberry,rocking_chair,7817,8,66,SGD,0.159979,False,-
599,10,2,ostrich,strawberry,rocking_chair,8367,5,80,Adam,0.049244,False,-
600,10,2,ostrich,strawberry,rocking_chair,1779,7,58,SGD,0.063146,False,-
601,11,3,english_setter,irish_setter,desk,8089,7,81,SGD,0.150343,False,-
602,11,3,english_setter,irish_setter,desk,4017,8,63,SGD,0.020186,False,-
603,11,3,english_setter,irish_setter,desk,1134,8,44,Adam,0.024812,False,-
604,11,3,english_setter,irish_setter,desk,8252,6,65,SGD,0.163621,False,-
605,11,3,english_setter,irish_setter,desk,1629,6,50,Adam,0.10168,False,-
606,11,3,english_setter,irish_setter,desk,1993,5,69,Adam,0.027262,False,-
607,11,3,english_setter,irish_setter,desk,7786,5,67,SGD,0.036477,False,-
608,11,3,english_setter,irish_setter,desk,4744,6,51,SGD,0.159232,False,-
609,11,3,english_setter,irish_setter,desk,4458,7,45,Adam,0.197011,False,-
610,11,3,english_setter,irish_setter,desk,5738,9,49,SGD,0.152179,False,-
611,11,3,english_setter,desk,irish_setter,7352,9,55,Adam,0.010719,False,-
612,11,3,english_setter,desk,irish_setter,8003,8,58,Adam,0.03685,False,-
613,11,3,english_setter,desk,irish_setter,8312,5,77,SGD,0.053302,False,-
614,11,3,english_setter,desk,irish_setter,241,7,63,Adam,0.108019,False,-
615,11,3,english_setter,desk,irish_setter,195,8,56,SGD,0.013196,False,-
616,11,3,english_setter,desk,irish_setter,8468,9,70,SGD,0.034271,False,-
617,11,3,english_setter,desk,irish_setter,2591,9,37,SGD,0.016728,False,-
618,11,3,english_setter,desk,irish_setter,2854,5,64,Adam,0.039582,False,-
619,11,3,english_setter,desk,irish_setter,2594,5,61,SGD,0.098038,False,-
620,11,3,english_setter,desk,irish_setter,8143,7,51,Adam,0.048321,False,-
621,11,3,irish_setter,english_setter,desk,1700,9,43,Adam,0.162374,False,-
622,11,3,irish_setter,english_setter,desk,5164,5,64,SGD,0.069154,False,-
623,11,3,irish_setter,english_setter,desk,4757,5,40,SGD,0.01196,False,-
624,11,3,irish_setter,english_setter,desk,8690,6,43,Adam,0.039545,False,-
625,11,3,irish_setter,english_setter,desk,9928,6,33,Adam,0.080451,False,-
626,11,3,irish_setter,english_setter,desk,146,8,58,Adam,0.051333,False,-
627,11,3,irish_setter,english_setter,desk,3360,5,83,SGD,0.067996,False,-
628,11,3,irish_setter,english_setter,desk,8640,9,15,SGD,0.049922,False,-
629,11,3,irish_setter,english_setter,desk,4188,9,54,SGD,0.233436,False,-
630,11,3,irish_setter,english_setter,desk,4390,6,39,SGD,0.051094,False,-
631,11,3,irish_setter,desk,english_setter,5126,6,14,Adam,0.061278,False,-
632,11,3,irish_setter,desk,english_setter,6314,5,41,SGD,0.195442,False,-
633,11,3,irish_setter,desk,english_setter,9359,5,68,SGD,0.117502,False,-
634,11,3,irish_setter,desk,english_setter,7260,5,50,Adam,0.06518,False,-
635,11,3,irish_setter,desk,english_setter,6773,5,70,SGD,0.605027,False,-
636,11,3,irish_setter,desk,english_setter,4008,9,50,Adam,0.049371,False,-
637,11,3,irish_setter,desk,english_setter,2104,6,54,Adam,0.052153,False,-
638,11,3,irish_setter,desk,english_setter,2581,8,63,SGD,0.02735,False,-
639,11,3,irish_setter,desk,english_setter,4780,6,73,Adam,0.03359,False,-
640,11,3,irish_setter,desk,english_setter,6079,9,26,Adam,0.081738,False,-
641,11,3,desk,english_setter,irish_setter,8397,7,41,Adam,0.159719,False,-
642,11,3,desk,english_setter,irish_setter,2890,6,63,Adam,0.042316,False,-
643,11,3,desk,english_setter,irish_setter,897,5,76,Adam,0.01639,False,-
644,11,3,desk,english_setter,irish_setter,5167,5,30,SGD,0.213464,False,-
645,11,3,desk,english_setter,irish_setter,3439,9,75,SGD,0.020167,False,-
646,11,3,desk,english_setter,irish_setter,5330,8,44,Adam,0.076007,False,-
647,11,3,desk,english_setter,irish_setter,8411,9,47,SGD,0.028679,False,-
648,11,3,desk,english_setter,irish_setter,1812,6,57,SGD,0.105721,False,-
649,11,3,desk,english_setter,irish_setter,7081,8,82,Adam,0.041818,False,-
650,11,3,desk,english_setter,irish_setter,615,7,60,SGD,0.018632,False,-
651,11,3,desk,irish_setter,english_setter,6859,6,34,Adam,0.051039,False,-
652,11,3,desk,irish_setter,english_setter,2561,6,72,SGD,0.035552,False,-
653,11,3,desk,irish_setter,english_setter,383,5,56,SGD,0.047727,False,-
654,11,3,desk,irish_setter,english_setter,6111,8,28,SGD,0.039357,False,-
655,11,3,desk,irish_setter,english_setter,7957,6,70,SGD,0.076516,False,-
656,11,3,desk,irish_setter,english_setter,4933,8,66,Adam,0.095663,False,-
657,11,3,desk,irish_setter,english_setter,8960,9,50,SGD,0.073773,False,-
658,11,3,desk,irish_setter,english_setter,3191,6,49,Adam,0.155116,False,-
659,11,3,desk,irish_setter,english_setter,8092,9,60,Adam,0.064115,False,-
660,11,3,desk,irish_setter,english_setter,1205,9,66,SGD,0.081266,False,-
661,12,3,egyptian_cat,persian_cat,football_helmet,4460,7,39,Adam,0.040956,False,-
662,12,3,egyptian_cat,persian_cat,football_helmet,2964,7,52,Adam,0.04834,False,-
663,12,3,egyptian_cat,persian_cat,football_helmet,6644,7,58,Adam,0.073338,False,-
664,12,3,egyptian_cat,persian_cat,football_helmet,3839,7,28,Adam,0.014668,False,-
665,12,3,egyptian_cat,persian_cat,football_helmet,67,9,75,SGD,0.094351,False,-
666,12,3,egyptian_cat,persian_cat,football_helmet,572,7,79,SGD,0.222937,False,-
667,12,3,egyptian_cat,persian_cat,football_helmet,650,6,60,Adam,0.009279,False,-
668,12,3,egyptian_cat,persian_cat,football_helmet,5780,8,72,Adam,0.049056,False,-
669,12,3,egyptian_cat,persian_cat,football_helmet,7845,5,64,SGD,0.05002,False,-
670,12,3,egyptian_cat,persian_cat,football_helmet,3226,6,47,SGD,0.05629,False,-
671,12,3,egyptian_cat,football_helmet,persian_cat,2904,5,56,SGD,0.027356,False,-
672,12,3,egyptian_cat,football_helmet,persian_cat,6982,8,34,Adam,0.036468,False,-
673,12,3,egyptian_cat,football_helmet,persian_cat,7086,5,49,Adam,0.065472,False,-
674,12,3,egyptian_cat,football_helmet,persian_cat,1135,5,78,SGD,0.098587,False,-
675,12,3,egyptian_cat,football_helmet,persian_cat,1141,8,55,Adam,0.07781,False,-
676,12,3,egyptian_cat,football_helmet,persian_cat,5213,9,58,Adam,0.019825,False,-
677,12,3,egyptian_cat,football_helmet,persian_cat,3875,6,48,SGD,0.060762,False,-
678,12,3,egyptian_cat,football_helmet,persian_cat,7175,9,42,SGD,0.044192,False,-
679,12,3,egyptian_cat,football_helmet,persian_cat,6582,7,61,SGD,0.037897,False,-
680,12,3,egyptian_cat,football_helmet,persian_cat,9135,7,41,SGD,0.11045,False,-
681,12,3,persian_cat,egyptian_cat,football_helmet,2259,9,58,SGD,0.09597,False,-
682,12,3,persian_cat,egyptian_cat,football_helmet,7431,9,52,Adam,0.033786,False,-
683,12,3,persian_cat,egyptian_cat,football_helmet,5750,8,60,SGD,0.063721,False,-
684,12,3,persian_cat,egyptian_cat,football_helmet,6034,7,49,Adam,0.148647,False,-
685,12,3,persian_cat,egyptian_cat,football_helmet,8954,8,53,SGD,0.026868,False,-
686,12,3,persian_cat,egyptian_cat,football_helmet,7972,5,54,Adam,0.073062,False,-
687,12,3,persian_cat,egyptian_cat,football_helmet,6026,9,47,Adam,0.03757,False,-
688,12,3,persian_cat,egyptian_cat,football_helmet,7587,9,67,Adam,0.165374,False,-
689,12,3,persian_cat,egyptian_cat,football_helmet,1289,7,52,SGD,0.114027,False,-
690,12,3,persian_cat,egyptian_cat,football_helmet,7657,5,40,Adam,0.109317,False,-
691,12,3,persian_cat,football_helmet,egyptian_cat,5208,6,71,SGD,0.085893,False,-
692,12,3,persian_cat,football_helmet,egyptian_cat,9486,9,37,Adam,0.03339,False,-
693,12,3,persian_cat,football_helmet,egyptian_cat,446,8,73,Adam,0.047378,False,-
694,12,3,persian_cat,football_helmet,egyptian_cat,226,6,60,Adam,0.02824,False,-
695,12,3,persian_cat,football_helmet,egyptian_cat,2535,9,80,SGD,0.052835,False,-
696,12,3,persian_cat,football_helmet,egyptian_cat,269,8,41,Adam,0.107482,False,-
697,12,3,persian_cat,football_helmet,egyptian_cat,6263,8,58,Adam,0.041761,False,-
698,12,3,persian_cat,football_helmet,egyptian_cat,6901,6,58,SGD,0.096614,False,-
699,12,3,persian_cat,football_helmet,egyptian_cat,2294,5,44,SGD,0.094477,False,-
700,12,3,persian_cat,football_helmet,egyptian_cat,698,8,72,SGD,0.058151,False,-
701,12,3,football_helmet,egyptian_cat,persian_cat,7869,8,38,Adam,0.085871,False,-
702,12,3,football_helmet,egyptian_cat,persian_cat,3558,8,63,SGD,0.133079,False,-
703,12,3,football_helmet,egyptian_cat,persian_cat,2979,5,34,Adam,0.060805,False,-
704,12,3,football_helmet,egyptian_cat,persian_cat,5447,6,65,SGD,0.057572,False,-
705,12,3,football_helmet,egyptian_cat,persian_cat,4876,9,78,Adam,0.04223,False,-
706,12,3,football_helmet,egyptian_cat,persian_cat,721,5,60,Adam,0.056981,False,-
707,12,3,football_helmet,egyptian_cat,persian_cat,1117,6,46,SGD,0.020486,False,-
708,12,3,football_helmet,egyptian_cat,persian_cat,6771,5,78,Adam,0.043192,False,-
709,12,3,football_helmet,egyptian_cat,persian_cat,7069,5,43,Adam,0.086697,False,-
710,12,3,football_helmet,egyptian_cat,persian_cat,1504,9,58,Adam,0.02436,False,-
711,12,3,football_helmet,persian_cat,egyptian_cat,9536,7,48,SGD,0.136112,False,-
712,12,3,football_helmet,persian_cat,egyptian_cat,7850,5,59,SGD,0.015893,False,-
713,12,3,football_helmet,persian_cat,egyptian_cat,8615,6,71,Adam,0.025869,False,-
714,12,3,football_helmet,persian_cat,egyptian_cat,5831,5,45,Adam,0.013393,False,-
715,12,3,football_helmet,persian_cat,egyptian_cat,7282,6,62,Adam,0.058232,False,-
716,12,3,football_helmet,persian_cat,egyptian_cat,8464,7,45,SGD,0.02391,False,-
717,12,3,football_helmet,persian_cat,egyptian_cat,7538,8,41,Adam,0.106911,False,-
718,12,3,football_helmet,persian_cat,egyptian_cat,2105,9,68,SGD,0.161724,False,-
719,12,3,football_helmet,persian_cat,egyptian_cat,5305,8,45,Adam,0.041435,False,-
720,12,3,football_helmet,persian_cat,egyptian_cat,4992,6,69,SGD,0.03428,False,-
721,13,3,african_elephant,indian_elephant,acoustic_guitar,4567,6,38,SGD,0.06321,False,-
722,13,3,african_elephant,indian_elephant,acoustic_guitar,8728,6,35,Adam,0.098573,False,-
723,13,3,african_elephant,indian_elephant,acoustic_guitar,4247,9,52,SGD,0.162509,False,-
724,13,3,african_elephant,indian_elephant,acoustic_guitar,6305,6,72,Adam,0.020547,False,-
725,13,3,african_elephant,indian_elephant,acoustic_guitar,3672,6,47,Adam,0.021381,False,-
726,13,3,african_elephant,indian_elephant,acoustic_guitar,5552,8,60,SGD,0.031547,False,-
727,13,3,african_elephant,indian_elephant,acoustic_guitar,2341,9,26,SGD,0.047127,False,-
728,13,3,african_elephant,indian_elephant,acoustic_guitar,9517,5,68,Adam,0.054183,False,-
729,13,3,african_elephant,indian_elephant,acoustic_guitar,9518,8,41,SGD,0.057889,False,-
730,13,3,african_elephant,indian_elephant,acoustic_guitar,9878,7,75,SGD,0.009664,False,-
731,13,3,african_elephant,acoustic_guitar,indian_elephant,3783,7,53,SGD,0.053648,False,-
732,13,3,african_elephant,acoustic_guitar,indian_elephant,310,9,77,Adam,0.080596,False,-
733,13,3,african_elephant,acoustic_guitar,indian_elephant,5898,8,61,SGD,0.038458,False,-
734,13,3,african_elephant,acoustic_guitar,indian_elephant,6078,9,48,SGD,0.01469,False,-
735,13,3,african_elephant,acoustic_guitar,indian_elephant,8806,6,26,Adam,0.025014,False,-
736,13,3,african_elephant,acoustic_guitar,indian_elephant,1587,5,48,Adam,0.225406,False,-
737,13,3,african_elephant,acoustic_guitar,indian_elephant,2432,5,61,SGD,0.026295,False,-
738,13,3,african_elephant,acoustic_guitar,indian_elephant,5454,5,47,Adam,0.069676,False,-
739,13,3,african_elephant,acoustic_guitar,indian_elephant,8848,5,65,SGD,0.041117,False,-
740,13,3,african_elephant,acoustic_guitar,indian_elephant,7693,9,77,SGD,0.070585,False,-
741,13,3,indian_elephant,african_elephant,acoustic_guitar,2462,9,47,Adam,0.059639,False,-
742,13,3,indian_elephant,african_elephant,acoustic_guitar,6049,6,52,Adam,0.069018,False,-
743,13,3,indian_elephant,african_elephant,acoustic_guitar,2618,6,55,SGD,0.071183,False,-
744,13,3,indian_elephant,african_elephant,acoustic_guitar,7566,7,70,Adam,0.146116,False,-
745,13,3,indian_elephant,african_elephant,acoustic_guitar,9890,6,61,SGD,0.070095,False,-
746,13,3,indian_elephant,african_elephant,acoustic_guitar,1073,5,78,SGD,0.037426,False,-
747,13,3,indian_elephant,african_elephant,acoustic_guitar,9343,9,52,Adam,0.028912,False,-
748,13,3,indian_elephant,african_elephant,acoustic_guitar,8378,8,56,SGD,0.014789,False,-
749,13,3,indian_elephant,african_elephant,acoustic_guitar,757,7,41,SGD,0.020408,False,-
750,13,3,indian_elephant,african_elephant,acoustic_guitar,6726,8,58,SGD,0.086655,False,-
751,13,3,indian_elephant,acoustic_guitar,african_elephant,4066,6,51,SGD,0.046368,False,-
752,13,3,indian_elephant,acoustic_guitar,african_elephant,422,8,69,SGD,0.044686,False,-
753,13,3,indian_elephant,acoustic_guitar,african_elephant,8069,6,49,SGD,0.040251,False,-
754,13,3,indian_elephant,acoustic_guitar,african_elephant,2053,6,54,SGD,0.132017,False,-
755,13,3,indian_elephant,acoustic_guitar,african_elephant,1764,6,27,Adam,0.091426,False,-
756,13,3,indian_elephant,acoustic_guitar,african_elephant,3177,7,70,Adam,0.118574,False,-
757,13,3,indian_elephant,acoustic_guitar,african_elephant,808,7,74,SGD,0.019389,False,-
758,13,3,indian_elephant,acoustic_guitar,african_elephant,7701,5,75,Adam,0.034065,False,-
759,13,3,indian_elephant,acoustic_guitar,african_elephant,5634,5,79,SGD,0.117242,False,-
760,13,3,indian_elephant,acoustic_guitar,african_elephant,9032,6,35,Adam,0.078702,False,-
761,13,3,acoustic_guitar,african_elephant,indian_elephant,2971,6,50,SGD,0.018919,False,-
762,13,3,acoustic_guitar,african_elephant,indian_elephant,717,6,52,Adam,0.027197,False,-
763,13,3,acoustic_guitar,african_elephant,indian_elephant,1048,7,38,Adam,0.065578,False,-
764,13,3,acoustic_guitar,african_elephant,indian_elephant,1620,9,53,Adam,0.061969,False,-
765,13,3,acoustic_guitar,african_elephant,indian_elephant,2941,6,52,Adam,0.08997,False,-
766,13,3,acoustic_guitar,african_elephant,indian_elephant,5450,5,44,Adam,0.114877,False,-
767,13,3,acoustic_guitar,african_elephant,indian_elephant,2345,8,69,Adam,0.010325,False,-
768,13,3,acoustic_guitar,african_elephant,indian_elephant,4922,7,39,SGD,0.10514,False,-
769,13,3,acoustic_guitar,african_elephant,indian_elephant,1902,8,73,SGD,0.040147,False,-
770,13,3,acoustic_guitar,african_elephant,indian_elephant,464,8,53,Adam,0.024299,False,-
771,13,3,acoustic_guitar,indian_elephant,african_elephant,9117,6,67,SGD,0.066917,False,-
772,13,3,acoustic_guitar,indian_elephant,african_elephant,6940,7,84,SGD,0.043944,False,-
773,13,3,acoustic_guitar,indian_elephant,african_elephant,4713,9,64,Adam,0.088165,False,-
774,13,3,acoustic_guitar,indian_elephant,african_elephant,4933,8,40,Adam,0.040962,False,-
775,13,3,acoustic_guitar,indian_elephant,african_elephant,9141,8,28,SGD,0.104552,False,-
776,13,3,acoustic_guitar,indian_elephant,african_elephant,9021,9,35,Adam,0.01855,False,-
777,13,3,acoustic_guitar,indian_elephant,african_elephant,7910,7,32,SGD,0.033336,False,-
778,13,3,acoustic_guitar,indian_elephant,african_elephant,8339,5,40,Adam,0.054378,False,-
779,13,3,acoustic_guitar,indian_elephant,african_elephant,6781,7,76,Adam,0.019974,False,-
780,13,3,acoustic_guitar,indian_elephant,african_elephant,5929,5,68,SGD,0.215175,False,-
781,14,3,airliner,warplane,banana,9822,9,49,Adam,0.165005,False,-
782,14,3,airliner,warplane,banana,6337,8,55,SGD,0.267934,False,-
783,14,3,airliner,warplane,banana,244,7,45,Adam,0.036372,False,-
784,14,3,airliner,warplane,banana,3398,6,29,Adam,0.05658,False,-
785,14,3,airliner,warplane,banana,1371,5,72,SGD,0.0829,False,-
786,14,3,airliner,warplane,banana,9323,7,68,Adam,0.071431,False,-
787,14,3,airliner,warplane,banana,2537,7,80,SGD,0.168401,False,-
788,14,3,airliner,warplane,banana,2077,8,68,Adam,0.026979,False,-
789,14,3,airliner,warplane,banana,8635,6,64,SGD,0.01737,False,-
790,14,3,airliner,warplane,banana,8745,9,37,Adam,0.081047,False,-
791,14,3,airliner,banana,warplane,6897,7,60,Adam,0.018543,False,-
792,14,3,airliner,banana,warplane,7240,8,56,SGD,0.03905,False,-
793,14,3,airliner,banana,warplane,5807,8,77,SGD,0.046133,False,-
794,14,3,airliner,banana,warplane,1409,5,57,SGD,0.105434,False,-
795,14,3,airliner,banana,warplane,279,9,29,SGD,0.116133,False,-
796,14,3,airliner,banana,warplane,4427,8,31,SGD,0.100193,False,-
797,14,3,airliner,banana,warplane,7697,7,67,Adam,0.026058,False,-
798,14,3,airliner,banana,warplane,5060,8,42,Adam,0.036872,False,-
799,14,3,airliner,banana,warplane,3789,8,72,SGD,0.01838,False,-
800,14,3,airliner,banana,warplane,3629,8,53,Adam,0.094162,False,-
801,14,3,warplane,airliner,banana,7940,9,59,Adam,0.093188,False,-
802,14,3,warplane,airliner,banana,2253,7,35,Adam,0.027153,False,-
803,14,3,warplane,airliner,banana,4054,9,56,SGD,0.077556,False,-
804,14,3,warplane,airliner,banana,325,5,78,SGD,0.020866,False,-
805,14,3,warplane,airliner,banana,2778,5,48,Adam,0.007253,False,-
806,14,3,warplane,airliner,banana,7754,7,71,SGD,0.053555,False,-
807,14,3,warplane,airliner,banana,1581,7,46,Adam,0.112109,False,-
808,14,3,warplane,airliner,banana,5968,6,73,Adam,0.124119,False,-
809,14,3,warplane,airliner,banana,2994,5,41,SGD,0.064654,False,-
810,14,3,warplane,airliner,banana,7371,8,70,SGD,0.095922,False,-
811,14,3,warplane,banana,airliner,4085,7,66,Adam,0.157482,False,-
812,14,3,warplane,banana,airliner,6331,5,48,SGD,0.012395,False,-
813,14,3,warplane,banana,airliner,5162,7,59,SGD,0.014957,False,-
814,14,3,warplane,banana,airliner,6770,6,39,SGD,0.023084,False,-
815,14,3,warplane,banana,airliner,4306,7,72,Adam,0.308116,False,-
816,14,3,warplane,banana,airliner,2657,7,44,SGD,0.014695,False,-
817,14,3,warplane,banana,airliner,8105,8,78,Adam,0.078808,False,-
818,14,3,warplane,banana,airliner,4362,9,44,SGD,0.126182,False,-
819,14,3,warplane,banana,airliner,5540,9,49,SGD,0.043961,False,-
820,14,3,warplane,banana,airliner,4213,5,56,SGD,0.065864,False,-
821,14,3,banana,airliner,warplane,8557,6,65,Adam,0.044619,False,-
822,14,3,banana,airliner,warplane,8982,6,61,Adam,0.052957,False,-
823,14,3,banana,airliner,warplane,9269,9,56,Adam,0.009068,False,-
824,14,3,banana,airliner,warplane,8989,8,37,Adam,0.012908,False,-
825,14,3,banana,airliner,warplane,946,6,77,Adam,0.162873,False,-
826,14,3,banana,airliner,warplane,8697,5,57,SGD,0.074922,False,-
827,14,3,banana,airliner,warplane,1192,6,91,SGD,0.032263,False,-
828,14,3,banana,airliner,warplane,6106,8,42,SGD,0.033278,False,-
829,14,3,banana,airliner,warplane,1539,5,77,Adam,0.102969,False,-
830,14,3,banana,airliner,warplane,7345,5,42,SGD,0.021876,False,-
831,14,3,banana,warplane,airliner,5930,7,38,Adam,0.06268,False,-
832,14,3,banana,warplane,airliner,1436,7,51,SGD,0.019851,False,-
833,14,3,banana,warplane,airliner,3622,6,59,Adam,0.003442,False,-
834,14,3,banana,warplane,airliner,1301,7,34,Adam,0.022174,False,-
835,14,3,banana,warplane,airliner,6396,5,40,SGD,0.013636,False,-
836,14,3,banana,warplane,airliner,2645,7,94,SGD,0.076184,False,-
837,14,3,banana,warplane,airliner,7928,6,75,SGD,0.046574,False,-
838,14,3,banana,warplane,airliner,8346,5,60,Adam,0.015323,False,-
839,14,3,banana,warplane,airliner,5811,9,52,SGD,0.016833,False,-
840,14,3,banana,warplane,airliner,9401,5,48,Adam,0.072576,False,-
841,15,3,siberian_husky,malamute,hammer,9082,6,55,Adam,0.012426,False,-
842,15,3,siberian_husky,malamute,hammer,1473,8,54,Adam,0.089539,False,-
843,15,3,siberian_husky,malamute,hammer,9782,7,55,SGD,0.07898,False,-
844,15,3,siberian_husky,malamute,hammer,8411,7,71,Adam,0.234162,False,-
845,15,3,siberian_husky,malamute,hammer,6559,9,76,SGD,0.077566,False,-
846,15,3,siberian_husky,malamute,hammer,1353,7,46,Adam,0.060084,False,-
847,15,3,siberian_husky,malamute,hammer,5506,7,42,SGD,0.095449,False,-
848,15,3,siberian_husky,malamute,hammer,5515,9,42,Adam,0.030277,False,-
849,15,3,siberian_husky,malamute,hammer,9906,9,55,SGD,0.035307,False,-
850,15,3,siberian_husky,malamute,hammer,3567,5,63,Adam,0.052606,False,-
851,15,3,siberian_husky,hammer,malamute,2062,6,57,SGD,0.017088,False,-
852,15,3,siberian_husky,hammer,malamute,2313,7,37,Adam,0.302709,False,-
853,15,3,siberian_husky,hammer,malamute,305,8,66,Adam,0.121605,False,-
854,15,3,siberian_husky,hammer,malamute,3862,7,71,Adam,0.104076,False,-
855,15,3,siberian_husky,hammer,malamute,3261,9,51,SGD,0.033337,False,-
856,15,3,siberian_husky,hammer,malamute,1342,5,52,SGD,0.035623,False,-
857,15,3,siberian_husky,hammer,malamute,6280,8,49,SGD,0.052176,False,-
858,15,3,siberian_husky,hammer,malamute,2031,7,55,SGD,0.073731,False,-
859,15,3,siberian_husky,hammer,malamute,2653,9,50,Adam,0.041971,False,-
860,15,3,siberian_husky,hammer,malamute,8558,6,62,Adam,0.23413,False,-
861,15,3,malamute,siberian_husky,hammer,4683,9,41,SGD,0.017427,False,-
862,15,3,malamute,siberian_husky,hammer,9190,9,56,SGD,0.051636,False,-
863,15,3,malamute,siberian_husky,hammer,9943,5,75,SGD,0.090348,False,-
864,15,3,malamute,siberian_husky,hammer,7607,7,73,Adam,0.024688,False,-
865,15,3,malamute,siberian_husky,hammer,8890,5,61,SGD,0.072828,False,-
866,15,3,malamute,siberian_husky,hammer,5296,9,43,Adam,0.069914,False,-
867,15,3,malamute,siberian_husky,hammer,2639,9,72,Adam,0.240799,False,-
868,15,3,malamute,siberian_husky,hammer,6683,7,39,Adam,0.039678,False,-
869,15,3,malamute,siberian_husky,hammer,4086,9,39,Adam,0.042964,False,-
870,15,3,malamute,siberian_husky,hammer,4758,7,52,Adam,0.260364,False,-
871,15,3,malamute,hammer,siberian_husky,1181,9,77,Adam,0.220064,False,-
872,15,3,malamute,hammer,siberian_husky,5014,7,34,SGD,0.065282,False,-
873,15,3,malamute,hammer,siberian_husky,4530,6,46,SGD,0.048406,False,-
874,15,3,malamute,hammer,siberian_husky,9562,5,46,Adam,0.168366,False,-
875,15,3,malamute,hammer,siberian_husky,2159,9,38,Adam,0.04838,False,-
876,15,3,malamute,hammer,siberian_husky,6772,8,60,Adam,0.371296,False,-
877,15,3,malamute,hammer,siberian_husky,9713,5,27,SGD,0.048518,False,-
878,15,3,malamute,hammer,siberian_husky,6060,7,64,Adam,0.054939,False,-
879,15,3,malamute,hammer,siberian_husky,1378,5,58,SGD,0.027176,False,-
880,15,3,malamute,hammer,siberian_husky,7036,9,66,Adam,0.017579,False,-
881,15,3,hammer,siberian_husky,malamute,4603,7,29,SGD,0.095803,False,-
882,15,3,hammer,siberian_husky,malamute,4818,5,59,SGD,0.058148,False,-
883,15,3,hammer,siberian_husky,malamute,4576,6,62,Adam,0.031619,False,-
884,15,3,hammer,siberian_husky,malamute,8536,9,79,Adam,0.190977,False,-
885,15,3,hammer,siberian_husky,malamute,7016,7,32,Adam,0.053681,False,-
886,15,3,hammer,siberian_husky,malamute,9971,9,75,SGD,0.128228,False,-
887,15,3,hammer,siberian_husky,malamute,9603,5,53,SGD,0.110752,False,-
888,15,3,hammer,siberian_husky,malamute,9873,6,42,Adam,0.085397,False,-
889,15,3,hammer,siberian_husky,malamute,66,5,49,Adam,0.016734,False,-
890,15,3,hammer,siberian_husky,malamute,7675,5,43,Adam,0.118314,False,-
891,15,3,hammer,malamute,siberian_husky,790,9,52,SGD,0.068334,False,-
892,15,3,hammer,malamute,siberian_husky,4086,5,48,Adam,0.024169,False,-
893,15,3,hammer,malamute,siberian_husky,4588,6,53,SGD,0.07342,False,-
894,15,3,hammer,malamute,siberian_husky,1605,7,44,SGD,0.011992,False,-
895,15,3,hammer,malamute,siberian_husky,9407,9,47,Adam,0.016012,False,-
896,15,3,hammer,malamute,siberian_husky,1390,5,75,SGD,0.028604,False,-
897,15,3,hammer,malamute,siberian_husky,6326,5,73,Adam,0.150036,False,-
898,15,3,hammer,malamute,siberian_husky,1167,7,42,SGD,0.02042,False,-
899,15,3,hammer,malamute,siberian_husky,1577,5,66,SGD,0.035264,False,-
900,15,3,hammer,malamute,siberian_husky,6691,5,48,Adam,0.100906,False,-
