combo_id,class1,class2,class3,combo_type,seed,early_epoch,max_epoch,optimizer,learning_rate,store_weight,status
1,englishsetter,irishsetter,australianterrier,1,7270,8,38,Adam,0.064256,False,-
1,englishsetter,irishsetter,australianterrier,1,4426,7,59,SGD,0.111739,False,-
1,englishsetter,irishsetter,australianterrier,1,1685,9,46,Adam,0.032708,False,-
1,englishsetter,irishsetter,australianterrier,1,4555,6,15,Adam,0.10649,False,-
1,englishsetter,irishsetter,australianterrier,1,9274,6,51,SGD,0.04367,False,-
1,englishsetter,irishsetter,australianterrier,1,1899,8,46,SGD,0.054407,False,-
1,englishsetter,irishsetter,australianterrier,1,5393,8,56,Adam,0.084731,False,-
1,englishsetter,irishsetter,australianterrier,1,7513,9,43,SGD,0.02671,False,-
1,englishsetter,irishsetter,australianterrier,1,775,7,51,SGD,0.067981,False,-
1,englishsetter,irishsetter,australianterrier,1,3073,6,48,SGD,0.052514,False,-
1,englishsetter,irishsetter,australianterrier,1,5675,6,65,SGD,0.0434,False,-
1,englishsetter,irishsetter,australianterrier,1,7629,8,53,Adam,0.039129,False,-
1,englishsetter,irishsetter,australianterrier,1,8529,9,61,SGD,0.05333,False,-
1,englishsetter,irishsetter,australianterrier,1,8684,5,42,Adam,0.033019,False,-
1,englishsetter,irishsetter,australianterrier,1,2568,5,63,SGD,0.101287,False,-
1,englishsetter,irishsetter,australianterrier,1,5892,6,42,SGD,0.038876,False,-
1,englishsetter,irishsetter,australianterrier,1,3104,9,67,SGD,0.147341,False,-
1,englishsetter,irishsetter,australianterrier,1,5056,7,60,SGD,0.029715,False,-
1,englishsetter,irishsetter,australianterrier,1,7385,7,15,Adam,0.096089,False,-
1,englishsetter,irishsetter,australianterrier,1,1484,7,56,Adam,0.039195,False,-
1,englishsetter,irishsetter,australianterrier,1,6019,9,46,SGD,0.015055,False,-
1,englishsetter,irishsetter,australianterrier,1,1059,9,51,Adam,0.035384,False,-
1,englishsetter,irishsetter,australianterrier,1,9789,5,53,Adam,0.023184,False,-
1,englishsetter,irishsetter,australianterrier,1,9555,7,43,Adam,0.037335,False,-
1,englishsetter,irishsetter,australianterrier,1,7392,5,49,SGD,0.01544,False,-
1,englishsetter,irishsetter,australianterrier,1,5864,7,55,Adam,0.041268,False,-
1,englishsetter,irishsetter,australianterrier,1,3748,5,49,SGD,0.026205,False,-
1,englishsetter,irishsetter,australianterrier,1,1495,5,45,Adam,0.044282,False,-
1,englishsetter,irishsetter,australianterrier,1,1291,6,43,SGD,0.071786,False,-
1,englishsetter,irishsetter,australianterrier,1,698,5,54,Adam,0.065607,False,-
1,englishsetter,irishsetter,australianterrier,1,5855,5,76,SGD,0.116791,False,-
1,englishsetter,irishsetter,australianterrier,1,5791,8,51,Adam,0.028686,False,-
1,englishsetter,irishsetter,australianterrier,1,4389,9,76,SGD,0.151656,False,-
1,englishsetter,irishsetter,australianterrier,1,6287,5,55,SGD,0.019108,False,-
1,englishsetter,irishsetter,australianterrier,1,9986,8,38,SGD,0.028844,False,-
1,englishsetter,irishsetter,australianterrier,1,8338,8,39,SGD,0.072721,False,-
1,englishsetter,irishsetter,australianterrier,1,5759,6,62,SGD,0.104472,False,-
1,englishsetter,irishsetter,australianterrier,1,5534,6,67,SGD,0.018598,False,-
1,englishsetter,irishsetter,australianterrier,1,9208,8,30,Adam,0.057712,False,-
1,englishsetter,irishsetter,australianterrier,1,4548,9,52,Adam,0.057527,False,-
1,englishsetter,irishsetter,australianterrier,1,9874,7,50,SGD,0.116745,False,-
1,englishsetter,irishsetter,australianterrier,1,1648,8,58,Adam,0.09807,False,-
1,englishsetter,irishsetter,australianterrier,1,2557,5,57,SGD,0.018808,False,-
1,englishsetter,irishsetter,australianterrier,1,956,5,35,Adam,0.04879,False,-
1,englishsetter,irishsetter,australianterrier,1,1218,5,61,SGD,0.011007,False,-
1,englishsetter,irishsetter,australianterrier,1,3446,9,68,Adam,0.048617,False,-
1,englishsetter,irishsetter,australianterrier,1,4893,5,51,Adam,0.438733,False,-
1,englishsetter,irishsetter,australianterrier,1,7996,7,77,Adam,0.068386,False,-
1,englishsetter,irishsetter,australianterrier,1,7339,8,28,SGD,0.040987,False,-
1,englishsetter,irishsetter,australianterrier,1,1060,9,62,SGD,0.046969,False,-
1,englishsetter,irishsetter,australianterrier,1,5088,8,42,SGD,0.014819,False,-
1,englishsetter,irishsetter,australianterrier,1,3327,7,58,SGD,0.018378,False,-
1,englishsetter,irishsetter,australianterrier,1,569,7,41,SGD,0.056302,False,-
1,englishsetter,irishsetter,australianterrier,1,1686,6,42,Adam,0.021892,False,-
1,englishsetter,irishsetter,australianterrier,1,8096,5,40,Adam,0.150409,False,-
1,englishsetter,irishsetter,australianterrier,1,2806,6,59,SGD,0.061162,False,-
1,englishsetter,irishsetter,australianterrier,1,5625,5,37,Adam,0.073977,False,-
1,englishsetter,irishsetter,australianterrier,1,8173,8,31,SGD,0.246666,False,-
1,englishsetter,irishsetter,australianterrier,1,4146,5,57,Adam,0.055728,False,-
1,englishsetter,irishsetter,australianterrier,1,4777,7,55,SGD,0.021022,False,-
2,siberianhusky,malamute,eskimodog,1,3051,8,44,Adam,0.0592,False,-
2,siberianhusky,malamute,eskimodog,1,7027,7,75,SGD,0.096618,False,-
2,siberianhusky,malamute,eskimodog,1,635,6,70,Adam,0.030111,False,-
2,siberianhusky,malamute,eskimodog,1,5177,6,62,Adam,0.09952,False,-
2,siberianhusky,malamute,eskimodog,1,1081,6,47,SGD,0.029521,False,-
2,siberianhusky,malamute,eskimodog,1,559,5,36,SGD,0.103756,False,-
2,siberianhusky,malamute,eskimodog,1,4070,9,35,Adam,0.217615,False,-
2,siberianhusky,malamute,eskimodog,1,1679,7,51,Adam,0.222596,False,-
2,siberianhusky,malamute,eskimodog,1,2479,9,35,Adam,0.045771,False,-
2,siberianhusky,malamute,eskimodog,1,5881,6,55,SGD,0.09115,False,-
2,siberianhusky,malamute,eskimodog,1,4611,6,56,SGD,0.03658,False,-
2,siberianhusky,malamute,eskimodog,1,1687,8,78,Adam,0.018495,False,-
2,siberianhusky,malamute,eskimodog,1,2738,7,52,SGD,0.079711,False,-
2,siberianhusky,malamute,eskimodog,1,3913,7,59,Adam,0.030253,False,-
2,siberianhusky,malamute,eskimodog,1,8967,9,46,Adam,0.098242,False,-
2,siberianhusky,malamute,eskimodog,1,7668,6,68,SGD,0.063662,False,-
2,siberianhusky,malamute,eskimodog,1,7164,5,21,SGD,0.151322,False,-
2,siberianhusky,malamute,eskimodog,1,2786,5,45,Adam,0.067626,False,-
2,siberianhusky,malamute,eskimodog,1,2143,9,66,SGD,0.020467,False,-
2,siberianhusky,malamute,eskimodog,1,2914,5,64,Adam,0.008202,False,-
2,siberianhusky,malamute,eskimodog,1,728,9,51,Adam,0.098587,False,-
2,siberianhusky,malamute,eskimodog,1,7400,7,50,SGD,0.030486,False,-
2,siberianhusky,malamute,eskimodog,1,4946,6,42,Adam,0.265513,False,-
2,siberianhusky,malamute,eskimodog,1,7192,8,72,SGD,0.093793,False,-
2,siberianhusky,malamute,eskimodog,1,1062,9,59,SGD,0.190184,False,-
2,siberianhusky,malamute,eskimodog,1,4846,8,68,SGD,0.07404,False,-
2,siberianhusky,malamute,eskimodog,1,1542,9,47,SGD,0.016816,False,-
2,siberianhusky,malamute,eskimodog,1,9409,9,31,SGD,0.053036,False,-
2,siberianhusky,malamute,eskimodog,1,9580,5,50,SGD,0.071845,False,-
2,siberianhusky,malamute,eskimodog,1,1324,8,74,Adam,0.023202,False,-
2,siberianhusky,malamute,eskimodog,1,2923,7,43,Adam,0.019495,False,-
2,siberianhusky,malamute,eskimodog,1,4268,9,76,SGD,0.01076,False,-
2,siberianhusky,malamute,eskimodog,1,8647,9,63,SGD,0.089505,False,-
2,siberianhusky,malamute,eskimodog,1,504,8,65,Adam,0.036118,False,-
2,siberianhusky,malamute,eskimodog,1,133,6,58,Adam,0.050291,False,-
2,siberianhusky,malamute,eskimodog,1,9442,7,55,SGD,0.074155,False,-
2,siberianhusky,malamute,eskimodog,1,5645,5,73,SGD,0.212858,False,-
2,siberianhusky,malamute,eskimodog,1,8120,7,53,SGD,0.108723,False,-
2,siberianhusky,malamute,eskimodog,1,9337,8,36,Adam,0.177518,False,-
2,siberianhusky,malamute,eskimodog,1,539,8,35,Adam,0.026864,False,-
2,siberianhusky,malamute,eskimodog,1,7102,5,45,SGD,0.013836,False,-
2,siberianhusky,malamute,eskimodog,1,924,9,35,SGD,0.215492,False,-
2,siberianhusky,malamute,eskimodog,1,7409,7,72,SGD,0.034206,False,-
2,siberianhusky,malamute,eskimodog,1,7449,5,53,Adam,0.134023,False,-
2,siberianhusky,malamute,eskimodog,1,384,9,55,SGD,0.051694,False,-
2,siberianhusky,malamute,eskimodog,1,4809,6,34,Adam,0.029903,False,-
2,siberianhusky,malamute,eskimodog,1,2048,7,41,SGD,0.029106,False,-
2,siberianhusky,malamute,eskimodog,1,3419,6,10,SGD,0.040171,False,-
2,siberianhusky,malamute,eskimodog,1,4363,5,85,SGD,0.202761,False,-
2,siberianhusky,malamute,eskimodog,1,6544,9,77,Adam,0.100486,False,-
2,siberianhusky,malamute,eskimodog,1,6881,6,29,Adam,0.1581,False,-
2,siberianhusky,malamute,eskimodog,1,1331,5,77,Adam,0.052827,False,-
2,siberianhusky,malamute,eskimodog,1,4854,6,29,Adam,0.047623,False,-
2,siberianhusky,malamute,eskimodog,1,7941,9,37,SGD,0.030752,False,-
2,siberianhusky,malamute,eskimodog,1,1906,5,90,Adam,0.02062,False,-
2,siberianhusky,malamute,eskimodog,1,6031,8,47,SGD,0.021336,False,-
2,siberianhusky,malamute,eskimodog,1,3266,7,40,Adam,0.074514,False,-
2,siberianhusky,malamute,eskimodog,1,7570,9,47,Adam,0.026402,False,-
2,siberianhusky,malamute,eskimodog,1,6981,5,22,SGD,0.075047,False,-
2,siberianhusky,malamute,eskimodog,1,9945,9,45,Adam,0.04,False,-
3,persiancat,siamesecat,egyptiancat,1,6493,7,67,SGD,0.03031,False,-
3,persiancat,siamesecat,egyptiancat,1,1276,8,46,Adam,0.01864,False,-
3,persiancat,siamesecat,egyptiancat,1,8150,6,67,SGD,0.022588,False,-
3,persiancat,siamesecat,egyptiancat,1,2797,7,40,Adam,0.053056,False,-
3,persiancat,siamesecat,egyptiancat,1,6882,7,42,Adam,0.024146,False,-
3,persiancat,siamesecat,egyptiancat,1,8905,5,31,Adam,0.058739,False,-
3,persiancat,siamesecat,egyptiancat,1,6168,8,75,Adam,0.01749,False,-
3,persiancat,siamesecat,egyptiancat,1,6371,6,86,SGD,0.151484,False,-
3,persiancat,siamesecat,egyptiancat,1,2472,9,75,SGD,0.017462,False,-
3,persiancat,siamesecat,egyptiancat,1,876,9,45,Adam,0.018187,False,-
3,persiancat,siamesecat,egyptiancat,1,6986,5,55,Adam,0.02561,False,-
3,persiancat,siamesecat,egyptiancat,1,9111,6,66,Adam,0.05592,False,-
3,persiancat,siamesecat,egyptiancat,1,117,5,81,SGD,0.046906,False,-
3,persiancat,siamesecat,egyptiancat,1,4289,7,29,SGD,0.076895,False,-
3,persiancat,siamesecat,egyptiancat,1,6469,6,43,SGD,0.01175,False,-
3,persiancat,siamesecat,egyptiancat,1,4208,8,58,Adam,0.02415,False,-
3,persiancat,siamesecat,egyptiancat,1,1828,7,52,SGD,0.072909,False,-
3,persiancat,siamesecat,egyptiancat,1,9093,6,86,SGD,0.010505,False,-
3,persiancat,siamesecat,egyptiancat,1,7041,9,46,Adam,0.061343,False,-
3,persiancat,siamesecat,egyptiancat,1,2832,5,44,Adam,0.348917,False,-
3,persiancat,siamesecat,egyptiancat,1,9310,5,61,Adam,0.083329,False,-
3,persiancat,siamesecat,egyptiancat,1,1908,7,56,SGD,0.043957,False,-
3,persiancat,siamesecat,egyptiancat,1,5951,9,60,Adam,0.035811,False,-
3,persiancat,siamesecat,egyptiancat,1,6941,7,60,SGD,0.035551,False,-
3,persiancat,siamesecat,egyptiancat,1,7577,8,67,SGD,0.012704,False,-
3,persiancat,siamesecat,egyptiancat,1,9510,7,65,Adam,0.291347,False,-
3,persiancat,siamesecat,egyptiancat,1,9184,5,36,SGD,0.013695,False,-
3,persiancat,siamesecat,egyptiancat,1,3687,7,20,Adam,0.156607,False,-
3,persiancat,siamesecat,egyptiancat,1,1202,6,60,SGD,0.035713,False,-
3,persiancat,siamesecat,egyptiancat,1,8669,7,47,Adam,0.068773,False,-
3,persiancat,siamesecat,egyptiancat,1,950,5,56,SGD,0.033975,False,-
3,persiancat,siamesecat,egyptiancat,1,1865,5,56,Adam,0.023333,False,-
3,persiancat,siamesecat,egyptiancat,1,6359,8,74,Adam,0.034885,False,-
3,persiancat,siamesecat,egyptiancat,1,2371,8,74,SGD,0.246462,False,-
3,persiancat,siamesecat,egyptiancat,1,2116,8,28,Adam,0.164777,False,-
3,persiancat,siamesecat,egyptiancat,1,8554,8,50,SGD,0.035018,False,-
3,persiancat,siamesecat,egyptiancat,1,3531,8,81,SGD,0.079836,False,-
3,persiancat,siamesecat,egyptiancat,1,5959,6,45,Adam,0.141067,False,-
3,persiancat,siamesecat,egyptiancat,1,4146,9,45,Adam,0.033497,False,-
3,persiancat,siamesecat,egyptiancat,1,3030,5,36,Adam,0.020661,False,-
3,persiancat,siamesecat,egyptiancat,1,2708,5,43,SGD,0.084468,False,-
3,persiancat,siamesecat,egyptiancat,1,7970,8,67,Adam,0.052795,False,-
3,persiancat,siamesecat,egyptiancat,1,8666,6,57,Adam,0.092586,False,-
3,persiancat,siamesecat,egyptiancat,1,1205,5,14,SGD,0.047671,False,-
3,persiancat,siamesecat,egyptiancat,1,6320,9,82,Adam,0.12261,False,-
3,persiancat,siamesecat,egyptiancat,1,5588,5,50,Adam,0.020543,False,-
3,persiancat,siamesecat,egyptiancat,1,9916,5,39,Adam,0.020356,False,-
3,persiancat,siamesecat,egyptiancat,1,2482,7,46,Adam,0.122838,False,-
3,persiancat,siamesecat,egyptiancat,1,4524,9,93,Adam,0.020534,False,-
3,persiancat,siamesecat,egyptiancat,1,5490,6,15,Adam,0.119219,False,-
3,persiancat,siamesecat,egyptiancat,1,5797,7,49,SGD,0.036988,False,-
3,persiancat,siamesecat,egyptiancat,1,8038,7,33,SGD,0.026722,False,-
3,persiancat,siamesecat,egyptiancat,1,3451,5,69,Adam,0.137689,False,-
3,persiancat,siamesecat,egyptiancat,1,5954,7,93,Adam,0.05609,False,-
3,persiancat,siamesecat,egyptiancat,1,3300,7,57,SGD,0.108896,False,-
3,persiancat,siamesecat,egyptiancat,1,7970,7,50,Adam,0.021364,False,-
3,persiancat,siamesecat,egyptiancat,1,6150,6,29,SGD,0.204283,False,-
3,persiancat,siamesecat,egyptiancat,1,6852,8,70,Adam,0.033175,False,-
3,persiancat,siamesecat,egyptiancat,1,4491,8,35,SGD,0.202672,False,-
3,persiancat,siamesecat,egyptiancat,1,7083,7,69,SGD,0.048569,False,-
4,grannysmith,orange,lemon,1,2768,6,87,Adam,0.085248,False,-
4,grannysmith,orange,lemon,1,5877,7,39,SGD,0.041672,False,-
4,grannysmith,orange,lemon,1,8996,7,56,SGD,0.142228,False,-
4,grannysmith,orange,lemon,1,8232,6,85,SGD,0.088396,False,-
4,grannysmith,orange,lemon,1,1622,9,79,SGD,0.174889,False,-
4,grannysmith,orange,lemon,1,8646,6,52,Adam,0.09492,False,-
4,grannysmith,orange,lemon,1,2681,6,62,Adam,0.027859,False,-
4,grannysmith,orange,lemon,1,5490,6,67,SGD,0.045063,False,-
4,grannysmith,orange,lemon,1,9442,6,62,Adam,0.04529,False,-
4,grannysmith,orange,lemon,1,7479,5,59,Adam,0.01258,False,-
4,grannysmith,orange,lemon,1,7101,7,29,SGD,0.109667,False,-
4,grannysmith,orange,lemon,1,1524,5,57,Adam,0.038087,False,-
4,grannysmith,orange,lemon,1,9130,6,43,Adam,0.046859,False,-
4,grannysmith,orange,lemon,1,4203,8,50,SGD,0.029389,False,-
4,grannysmith,orange,lemon,1,6960,9,64,SGD,0.111706,False,-
4,grannysmith,orange,lemon,1,4107,7,67,SGD,0.08167,False,-
4,grannysmith,orange,lemon,1,2421,5,59,SGD,0.089597,False,-
4,grannysmith,orange,lemon,1,8680,9,50,SGD,0.054615,False,-
4,grannysmith,orange,lemon,1,8592,6,67,Adam,0.055414,False,-
4,grannysmith,orange,lemon,1,8820,5,52,Adam,0.044015,False,-
4,grannysmith,orange,lemon,1,1500,6,75,SGD,0.005685,False,-
4,grannysmith,orange,lemon,1,7693,7,42,SGD,0.446419,False,-
4,grannysmith,orange,lemon,1,2983,6,51,Adam,0.055464,False,-
4,grannysmith,orange,lemon,1,6640,8,45,SGD,0.114731,False,-
4,grannysmith,orange,lemon,1,8684,6,51,Adam,0.110437,False,-
4,grannysmith,orange,lemon,1,545,7,56,SGD,0.116762,False,-
4,grannysmith,orange,lemon,1,3810,7,47,Adam,0.153735,False,-
4,grannysmith,orange,lemon,1,271,8,29,SGD,0.012193,False,-
4,grannysmith,orange,lemon,1,3760,7,27,SGD,0.039172,False,-
4,grannysmith,orange,lemon,1,145,9,54,Adam,0.060047,False,-
4,grannysmith,orange,lemon,1,7511,8,69,SGD,0.041954,False,-
4,grannysmith,orange,lemon,1,8202,9,52,SGD,0.029377,False,-
4,grannysmith,orange,lemon,1,5429,9,53,Adam,0.033343,False,-
4,grannysmith,orange,lemon,1,6402,9,76,SGD,0.031537,False,-
4,grannysmith,orange,lemon,1,8194,7,44,SGD,0.028357,False,-
4,grannysmith,orange,lemon,1,4675,9,45,SGD,0.03651,False,-
4,grannysmith,orange,lemon,1,5016,6,59,SGD,0.065061,False,-
4,grannysmith,orange,lemon,1,9610,7,40,Adam,0.025154,False,-
4,grannysmith,orange,lemon,1,5370,9,55,SGD,0.030053,False,-
4,grannysmith,orange,lemon,1,9903,9,68,SGD,0.051237,False,-
4,grannysmith,orange,lemon,1,6183,7,61,SGD,0.082941,False,-
4,grannysmith,orange,lemon,1,2383,8,67,SGD,0.074707,False,-
4,grannysmith,orange,lemon,1,4286,7,45,SGD,0.073128,False,-
4,grannysmith,orange,lemon,1,9017,5,49,SGD,0.025557,False,-
4,grannysmith,orange,lemon,1,3998,6,61,SGD,0.068586,False,-
4,grannysmith,orange,lemon,1,294,6,67,SGD,0.015123,False,-
4,grannysmith,orange,lemon,1,2064,6,64,SGD,0.281001,False,-
4,grannysmith,orange,lemon,1,5445,7,58,SGD,0.175865,False,-
4,grannysmith,orange,lemon,1,1435,8,63,SGD,0.02835,False,-
4,grannysmith,orange,lemon,1,7059,8,52,SGD,0.036018,False,-
4,grannysmith,orange,lemon,1,9109,5,27,SGD,0.107745,False,-
4,grannysmith,orange,lemon,1,6353,6,85,SGD,0.027546,False,-
4,grannysmith,orange,lemon,1,5126,9,78,SGD,0.047236,False,-
4,grannysmith,orange,lemon,1,9645,6,36,SGD,0.043188,False,-
4,grannysmith,orange,lemon,1,1098,8,61,Adam,0.079044,False,-
4,grannysmith,orange,lemon,1,5658,7,64,Adam,0.04599,False,-
4,grannysmith,orange,lemon,1,4179,7,68,Adam,0.042203,False,-
4,grannysmith,orange,lemon,1,1980,7,56,Adam,0.041439,False,-
4,grannysmith,orange,lemon,1,5390,8,62,Adam,0.048648,False,-
4,grannysmith,orange,lemon,1,5776,9,65,SGD,0.088747,False,-
5,airliner,warplane,spaceshuttle,1,6342,7,45,SGD,0.105376,False,-
5,airliner,warplane,spaceshuttle,1,4473,7,52,Adam,0.017026,False,-
5,airliner,warplane,spaceshuttle,1,1875,8,32,Adam,0.064129,False,-
5,airliner,warplane,spaceshuttle,1,5109,9,67,Adam,0.029537,False,-
5,airliner,warplane,spaceshuttle,1,3788,5,48,SGD,0.007161,False,-
5,airliner,warplane,spaceshuttle,1,9759,7,66,SGD,0.069974,False,-
5,airliner,warplane,spaceshuttle,1,778,7,51,SGD,0.036058,False,-
5,airliner,warplane,spaceshuttle,1,5791,8,62,Adam,0.20707,False,-
5,airliner,warplane,spaceshuttle,1,8032,6,70,Adam,0.053572,False,-
5,airliner,warplane,spaceshuttle,1,6732,8,34,SGD,0.02053,False,-
5,airliner,warplane,spaceshuttle,1,89,6,46,Adam,0.078714,False,-
5,airliner,warplane,spaceshuttle,1,1895,7,80,SGD,0.150546,False,-
5,airliner,warplane,spaceshuttle,1,552,6,73,SGD,0.077886,False,-
5,airliner,warplane,spaceshuttle,1,2430,7,56,SGD,0.106471,False,-
5,airliner,warplane,spaceshuttle,1,8601,7,80,SGD,0.03445,False,-
5,airliner,warplane,spaceshuttle,1,1560,9,31,Adam,0.115728,False,-
5,airliner,warplane,spaceshuttle,1,4780,9,64,Adam,0.122881,False,-
5,airliner,warplane,spaceshuttle,1,3665,6,35,SGD,0.129867,False,-
5,airliner,warplane,spaceshuttle,1,9274,7,52,Adam,0.027114,False,-
5,airliner,warplane,spaceshuttle,1,6078,5,49,SGD,0.065967,False,-
5,airliner,warplane,spaceshuttle,1,956,8,75,SGD,0.091261,False,-
5,airliner,warplane,spaceshuttle,1,955,6,58,Adam,0.115058,False,-
5,airliner,warplane,spaceshuttle,1,5631,8,30,SGD,0.031486,False,-
5,airliner,warplane,spaceshuttle,1,9461,9,62,SGD,0.01826,False,-
5,airliner,warplane,spaceshuttle,1,2958,5,61,SGD,0.028768,False,-
5,airliner,warplane,spaceshuttle,1,9131,6,59,Adam,0.039431,False,-
5,airliner,warplane,spaceshuttle,1,2365,8,79,SGD,0.013345,False,-
5,airliner,warplane,spaceshuttle,1,3155,6,59,Adam,0.028131,False,-
5,airliner,warplane,spaceshuttle,1,8219,6,80,Adam,0.170348,False,-
5,airliner,warplane,spaceshuttle,1,7062,7,52,Adam,0.110409,False,-
5,airliner,warplane,spaceshuttle,1,5724,6,41,Adam,0.0699,False,-
5,airliner,warplane,spaceshuttle,1,5895,7,35,SGD,0.014845,False,-
5,airliner,warplane,spaceshuttle,1,2734,9,77,SGD,0.057395,False,-
5,airliner,warplane,spaceshuttle,1,2203,8,47,SGD,0.051581,False,-
5,airliner,warplane,spaceshuttle,1,968,9,53,SGD,0.021754,False,-
5,airliner,warplane,spaceshuttle,1,6980,5,46,Adam,0.050159,False,-
5,airliner,warplane,spaceshuttle,1,2740,6,57,SGD,0.071506,False,-
5,airliner,warplane,spaceshuttle,1,5342,7,86,Adam,0.044526,False,-
5,airliner,warplane,spaceshuttle,1,6527,9,44,Adam,0.074597,False,-
5,airliner,warplane,spaceshuttle,1,9206,9,71,Adam,0.043667,False,-
5,airliner,warplane,spaceshuttle,1,5238,6,53,Adam,0.048731,False,-
5,airliner,warplane,spaceshuttle,1,7705,5,71,Adam,0.128687,False,-
5,airliner,warplane,spaceshuttle,1,3124,9,27,Adam,0.105903,False,-
5,airliner,warplane,spaceshuttle,1,703,5,49,Adam,0.058716,False,-
5,airliner,warplane,spaceshuttle,1,7114,8,73,SGD,0.08676,False,-
5,airliner,warplane,spaceshuttle,1,4114,6,65,Adam,0.082771,False,-
5,airliner,warplane,spaceshuttle,1,5450,5,56,Adam,0.021863,False,-
5,airliner,warplane,spaceshuttle,1,3726,5,35,SGD,0.013367,False,-
5,airliner,warplane,spaceshuttle,1,2875,9,31,Adam,0.039053,False,-
5,airliner,warplane,spaceshuttle,1,6059,6,37,SGD,0.063906,False,-
5,airliner,warplane,spaceshuttle,1,9153,5,69,SGD,0.038394,False,-
5,airliner,warplane,spaceshuttle,1,1177,5,34,SGD,0.013349,False,-
5,airliner,warplane,spaceshuttle,1,8234,6,57,SGD,0.213659,False,-
5,airliner,warplane,spaceshuttle,1,9206,9,51,SGD,0.06813,False,-
5,airliner,warplane,spaceshuttle,1,140,7,54,Adam,0.023277,False,-
5,airliner,warplane,spaceshuttle,1,3610,9,57,Adam,0.151617,False,-
5,airliner,warplane,spaceshuttle,1,5539,6,59,SGD,0.047212,False,-
5,airliner,warplane,spaceshuttle,1,4445,7,46,Adam,0.075083,False,-
5,airliner,warplane,spaceshuttle,1,8105,9,75,SGD,0.046882,False,-
5,airliner,warplane,spaceshuttle,1,5495,9,62,SGD,0.055653,False,-
6,siberianhusky,grandpiano,englishsetter,2,7285,9,50,Adam,0.068629,False,-
6,siberianhusky,grandpiano,englishsetter,2,9,6,66,SGD,0.04064,False,-
6,siberianhusky,grandpiano,englishsetter,2,1072,6,42,SGD,0.021351,False,-
6,siberianhusky,grandpiano,englishsetter,2,3683,8,70,SGD,0.078539,False,-
6,siberianhusky,grandpiano,englishsetter,2,3040,6,48,SGD,0.031153,False,-
6,siberianhusky,grandpiano,englishsetter,2,630,9,73,SGD,0.182449,False,-
6,siberianhusky,grandpiano,englishsetter,2,8841,5,76,Adam,0.012929,False,-
6,siberianhusky,grandpiano,englishsetter,2,769,7,80,Adam,0.104178,False,-
6,siberianhusky,grandpiano,englishsetter,2,6780,5,63,Adam,0.183181,False,-
6,siberianhusky,grandpiano,englishsetter,2,5101,8,46,Adam,0.022108,False,-
6,siberianhusky,grandpiano,englishsetter,2,2472,8,73,SGD,0.041922,False,-
6,siberianhusky,grandpiano,englishsetter,2,2475,7,34,SGD,0.096252,False,-
6,siberianhusky,grandpiano,englishsetter,2,8258,8,37,SGD,0.018559,False,-
6,siberianhusky,grandpiano,englishsetter,2,5291,6,25,SGD,0.030103,False,-
6,siberianhusky,grandpiano,englishsetter,2,3374,5,50,Adam,0.01922,False,-
6,siberianhusky,grandpiano,englishsetter,2,3083,5,19,Adam,0.033392,False,-
6,siberianhusky,grandpiano,englishsetter,2,6770,9,67,Adam,0.091747,False,-
6,siberianhusky,grandpiano,englishsetter,2,285,9,51,SGD,0.036257,False,-
6,siberianhusky,grandpiano,englishsetter,2,4895,5,57,Adam,0.357932,False,-
6,siberianhusky,grandpiano,englishsetter,2,3725,8,38,Adam,0.024434,False,-
6,siberianhusky,grandpiano,englishsetter,2,340,6,56,Adam,0.087727,False,-
6,siberianhusky,grandpiano,englishsetter,2,5299,6,60,SGD,0.365825,False,-
6,siberianhusky,grandpiano,englishsetter,2,4437,8,49,SGD,0.072163,False,-
6,siberianhusky,grandpiano,englishsetter,2,8785,9,68,SGD,0.03947,False,-
6,siberianhusky,grandpiano,englishsetter,2,8325,7,44,Adam,0.1101,False,-
6,siberianhusky,grandpiano,englishsetter,2,7842,6,48,SGD,0.032225,False,-
6,siberianhusky,grandpiano,englishsetter,2,6097,6,51,SGD,0.058313,False,-
6,siberianhusky,grandpiano,englishsetter,2,4259,5,75,Adam,0.077789,False,-
6,siberianhusky,grandpiano,englishsetter,2,2530,5,62,Adam,0.110609,False,-
6,siberianhusky,grandpiano,englishsetter,2,2964,6,31,Adam,0.051246,False,-
6,siberianhusky,grandpiano,englishsetter,2,7179,8,55,Adam,0.010251,False,-
6,siberianhusky,grandpiano,englishsetter,2,5947,9,55,Adam,0.041396,False,-
6,siberianhusky,grandpiano,englishsetter,2,6430,7,35,Adam,0.062204,False,-
6,siberianhusky,grandpiano,englishsetter,2,6525,7,64,Adam,0.149486,False,-
6,siberianhusky,grandpiano,englishsetter,2,5078,7,44,Adam,0.098625,False,-
6,siberianhusky,grandpiano,englishsetter,2,8591,8,77,Adam,0.146405,False,-
6,siberianhusky,grandpiano,englishsetter,2,1382,8,69,SGD,0.015178,False,-
6,siberianhusky,grandpiano,englishsetter,2,3302,6,34,Adam,0.041593,False,-
6,siberianhusky,grandpiano,englishsetter,2,1549,9,61,Adam,0.045893,False,-
6,siberianhusky,grandpiano,englishsetter,2,7898,9,46,SGD,0.068115,False,-
6,siberianhusky,grandpiano,englishsetter,2,6356,6,40,SGD,0.04857,False,-
6,siberianhusky,grandpiano,englishsetter,2,4798,9,37,Adam,0.048216,False,-
6,siberianhusky,grandpiano,englishsetter,2,593,7,34,Adam,0.013693,False,-
6,siberianhusky,grandpiano,englishsetter,2,6164,6,44,SGD,0.114397,False,-
6,siberianhusky,grandpiano,englishsetter,2,571,9,59,Adam,0.04357,False,-
6,siberianhusky,grandpiano,englishsetter,2,2279,9,54,Adam,0.142193,False,-
6,siberianhusky,grandpiano,englishsetter,2,6869,5,45,SGD,0.056967,False,-
6,siberianhusky,grandpiano,englishsetter,2,7083,5,45,Adam,0.046857,False,-
6,siberianhusky,grandpiano,englishsetter,2,3456,9,53,Adam,0.053683,False,-
6,siberianhusky,grandpiano,englishsetter,2,147,9,43,SGD,0.008087,False,-
6,siberianhusky,grandpiano,englishsetter,2,4531,7,39,Adam,0.076484,False,-
6,siberianhusky,grandpiano,englishsetter,2,8964,6,64,Adam,0.142122,False,-
6,siberianhusky,grandpiano,englishsetter,2,9154,5,42,Adam,0.024616,False,-
6,siberianhusky,grandpiano,englishsetter,2,8569,6,43,Adam,0.037016,False,-
6,siberianhusky,grandpiano,englishsetter,2,769,9,77,SGD,0.074741,False,-
6,siberianhusky,grandpiano,englishsetter,2,8714,6,63,Adam,0.042075,False,-
6,siberianhusky,grandpiano,englishsetter,2,5784,7,22,Adam,0.108545,False,-
6,siberianhusky,grandpiano,englishsetter,2,2461,8,51,SGD,0.039897,False,-
6,siberianhusky,grandpiano,englishsetter,2,7031,9,67,SGD,0.031227,False,-
6,siberianhusky,grandpiano,englishsetter,2,4875,5,86,Adam,0.086375,False,-
7,kitfox,umbrella,greywhale,2,301,8,52,SGD,0.037195,False,-
7,kitfox,umbrella,greywhale,2,9560,8,60,SGD,0.029567,False,-
7,kitfox,umbrella,greywhale,2,9678,7,48,Adam,0.023468,False,-
7,kitfox,umbrella,greywhale,2,1724,5,26,SGD,0.053011,False,-
7,kitfox,umbrella,greywhale,2,2460,8,74,Adam,0.085311,False,-
7,kitfox,umbrella,greywhale,2,8553,6,51,SGD,0.025212,False,-
7,kitfox,umbrella,greywhale,2,2520,6,66,SGD,0.079429,False,-
7,kitfox,umbrella,greywhale,2,2159,9,79,SGD,0.406598,False,-
7,kitfox,umbrella,greywhale,2,8505,8,43,SGD,0.083628,False,-
7,kitfox,umbrella,greywhale,2,7544,8,41,Adam,0.035086,False,-
7,kitfox,umbrella,greywhale,2,7378,9,50,SGD,0.023441,False,-
7,kitfox,umbrella,greywhale,2,1929,7,60,Adam,0.024723,False,-
7,kitfox,umbrella,greywhale,2,4966,9,48,Adam,0.019358,False,-
7,kitfox,umbrella,greywhale,2,2563,9,46,SGD,0.057708,False,-
7,kitfox,umbrella,greywhale,2,6643,8,54,SGD,0.029211,False,-
7,kitfox,umbrella,greywhale,2,3390,7,52,SGD,0.034646,False,-
7,kitfox,umbrella,greywhale,2,5093,9,56,Adam,0.162354,False,-
7,kitfox,umbrella,greywhale,2,5469,5,42,Adam,0.044682,False,-
7,kitfox,umbrella,greywhale,2,2810,8,57,Adam,0.078977,False,-
7,kitfox,umbrella,greywhale,2,1283,8,49,Adam,0.06138,False,-
7,kitfox,umbrella,greywhale,2,2125,8,72,SGD,0.010568,False,-
7,kitfox,umbrella,greywhale,2,5624,8,33,Adam,0.019456,False,-
7,kitfox,umbrella,greywhale,2,6397,9,61,SGD,0.0583,False,-
7,kitfox,umbrella,greywhale,2,1449,7,70,SGD,0.042598,False,-
7,kitfox,umbrella,greywhale,2,6052,8,52,Adam,0.151435,False,-
7,kitfox,umbrella,greywhale,2,9817,8,56,Adam,0.055954,False,-
7,kitfox,umbrella,greywhale,2,685,8,50,SGD,0.022383,False,-
7,kitfox,umbrella,greywhale,2,6868,8,40,SGD,0.023217,False,-
7,kitfox,umbrella,greywhale,2,905,6,47,Adam,0.088149,False,-
7,kitfox,umbrella,greywhale,2,5347,7,56,Adam,0.020145,False,-
7,kitfox,umbrella,greywhale,2,9614,6,60,Adam,0.192418,False,-
7,kitfox,umbrella,greywhale,2,9135,9,53,Adam,0.030709,False,-
7,kitfox,umbrella,greywhale,2,5432,9,38,SGD,0.078367,False,-
7,kitfox,umbrella,greywhale,2,1938,7,56,Adam,0.065764,False,-
7,kitfox,umbrella,greywhale,2,8616,5,48,Adam,0.032275,False,-
7,kitfox,umbrella,greywhale,2,597,5,39,SGD,0.052305,False,-
7,kitfox,umbrella,greywhale,2,7097,7,57,SGD,0.037119,False,-
7,kitfox,umbrella,greywhale,2,1517,6,36,SGD,0.04753,False,-
7,kitfox,umbrella,greywhale,2,3137,6,19,SGD,0.022197,False,-
7,kitfox,umbrella,greywhale,2,8535,8,56,SGD,0.048926,False,-
7,kitfox,umbrella,greywhale,2,5055,9,47,SGD,0.023222,False,-
7,kitfox,umbrella,greywhale,2,5774,9,40,Adam,0.071906,False,-
7,kitfox,umbrella,greywhale,2,7548,5,78,SGD,0.067468,False,-
7,kitfox,umbrella,greywhale,2,2113,5,50,Adam,0.028509,False,-
7,kitfox,umbrella,greywhale,2,1577,8,47,Adam,0.130829,False,-
7,kitfox,umbrella,greywhale,2,2426,6,53,Adam,0.02468,False,-
7,kitfox,umbrella,greywhale,2,6411,6,51,SGD,0.027777,False,-
7,kitfox,umbrella,greywhale,2,8676,9,70,Adam,0.016499,False,-
7,kitfox,umbrella,greywhale,2,2285,6,62,SGD,0.025297,False,-
7,kitfox,umbrella,greywhale,2,2822,7,66,Adam,0.040054,False,-
7,kitfox,umbrella,greywhale,2,6629,5,48,Adam,0.053489,False,-
7,kitfox,umbrella,greywhale,2,687,7,70,SGD,0.030127,False,-
7,kitfox,umbrella,greywhale,2,5906,5,55,SGD,0.154089,False,-
7,kitfox,umbrella,greywhale,2,8766,9,39,SGD,0.070134,False,-
7,kitfox,umbrella,greywhale,2,9786,7,45,Adam,0.062141,False,-
7,kitfox,umbrella,greywhale,2,7833,9,62,Adam,0.041241,False,-
7,kitfox,umbrella,greywhale,2,7544,7,59,Adam,0.089431,False,-
7,kitfox,umbrella,greywhale,2,9346,8,40,SGD,0.033246,False,-
7,kitfox,umbrella,greywhale,2,3831,6,51,Adam,0.037125,False,-
7,kitfox,umbrella,greywhale,2,6450,6,66,SGD,0.136102,False,-
8,africanelephant,guitar,labcoat,2,6416,9,61,Adam,0.067607,False,-
8,africanelephant,guitar,labcoat,2,8915,9,37,SGD,0.128753,False,-
8,africanelephant,guitar,labcoat,2,155,5,68,Adam,0.036792,False,-
8,africanelephant,guitar,labcoat,2,7358,9,62,SGD,0.057479,False,-
8,africanelephant,guitar,labcoat,2,4646,5,64,Adam,0.120967,False,-
8,africanelephant,guitar,labcoat,2,4741,7,31,Adam,0.015884,False,-
8,africanelephant,guitar,labcoat,2,4596,7,74,Adam,0.036816,False,-
8,africanelephant,guitar,labcoat,2,8472,6,63,SGD,0.101044,False,-
8,africanelephant,guitar,labcoat,2,7230,5,68,Adam,0.032667,False,-
8,africanelephant,guitar,labcoat,2,2990,8,60,SGD,0.0297,False,-
8,africanelephant,guitar,labcoat,2,285,5,54,Adam,0.039064,False,-
8,africanelephant,guitar,labcoat,2,1762,5,70,Adam,0.024943,False,-
8,africanelephant,guitar,labcoat,2,8259,8,61,SGD,0.102214,False,-
8,africanelephant,guitar,labcoat,2,3198,9,47,Adam,0.094049,False,-
8,africanelephant,guitar,labcoat,2,778,6,82,Adam,0.099008,False,-
8,africanelephant,guitar,labcoat,2,7851,5,57,Adam,0.195407,False,-
8,africanelephant,guitar,labcoat,2,9250,5,38,Adam,0.045595,False,-
8,africanelephant,guitar,labcoat,2,6748,9,73,SGD,0.201829,False,-
8,africanelephant,guitar,labcoat,2,1846,8,51,Adam,0.02536,False,-
8,africanelephant,guitar,labcoat,2,193,6,60,Adam,0.049005,False,-
8,africanelephant,guitar,labcoat,2,4005,5,67,Adam,0.058709,False,-
8,africanelephant,guitar,labcoat,2,7616,5,51,Adam,0.009521,False,-
8,africanelephant,guitar,labcoat,2,5410,9,92,SGD,0.028371,False,-
8,africanelephant,guitar,labcoat,2,1325,5,50,SGD,0.027277,False,-
8,africanelephant,guitar,labcoat,2,1968,6,60,Adam,0.043093,False,-
8,africanelephant,guitar,labcoat,2,4912,5,56,SGD,0.144351,False,-
8,africanelephant,guitar,labcoat,2,182,5,54,SGD,0.031048,False,-
8,africanelephant,guitar,labcoat,2,3628,5,77,SGD,0.028227,False,-
8,africanelephant,guitar,labcoat,2,6132,9,31,SGD,0.101879,False,-
8,africanelephant,guitar,labcoat,2,6246,8,47,Adam,0.055991,False,-
8,africanelephant,guitar,labcoat,2,726,5,79,Adam,0.102026,False,-
8,africanelephant,guitar,labcoat,2,989,5,22,Adam,0.028006,False,-
8,africanelephant,guitar,labcoat,2,935,8,51,Adam,0.098895,False,-
8,africanelephant,guitar,labcoat,2,5889,9,38,SGD,0.15393,False,-
8,africanelephant,guitar,labcoat,2,9101,6,50,SGD,0.038624,False,-
8,africanelephant,guitar,labcoat,2,1628,7,37,Adam,0.054304,False,-
8,africanelephant,guitar,labcoat,2,2466,7,95,Adam,0.033759,False,-
8,africanelephant,guitar,labcoat,2,9428,5,52,SGD,0.015176,False,-
8,africanelephant,guitar,labcoat,2,7461,8,70,Adam,0.03807,False,-
8,africanelephant,guitar,labcoat,2,3500,5,70,Adam,0.029115,False,-
8,africanelephant,guitar,labcoat,2,1823,7,87,SGD,0.016526,False,-
8,africanelephant,guitar,labcoat,2,2070,7,27,SGD,0.127072,False,-
8,africanelephant,guitar,labcoat,2,1635,8,40,Adam,0.162939,False,-
8,africanelephant,guitar,labcoat,2,6,8,52,SGD,0.070261,False,-
8,africanelephant,guitar,labcoat,2,913,8,61,Adam,0.143858,False,-
8,africanelephant,guitar,labcoat,2,8767,9,73,SGD,0.054418,False,-
8,africanelephant,guitar,labcoat,2,1054,8,38,Adam,0.053834,False,-
8,africanelephant,guitar,labcoat,2,7597,7,38,Adam,0.037274,False,-
8,africanelephant,guitar,labcoat,2,6268,9,63,Adam,0.039306,False,-
8,africanelephant,guitar,labcoat,2,6313,8,65,SGD,0.038118,False,-
8,africanelephant,guitar,labcoat,2,6139,5,53,Adam,0.071231,False,-
8,africanelephant,guitar,labcoat,2,7151,8,54,SGD,0.068412,False,-
8,africanelephant,guitar,labcoat,2,8556,9,51,Adam,0.132945,False,-
8,africanelephant,guitar,labcoat,2,1439,9,36,SGD,0.024921,False,-
8,africanelephant,guitar,labcoat,2,358,8,69,Adam,0.011565,False,-
8,africanelephant,guitar,labcoat,2,6626,9,51,Adam,0.322172,False,-
8,africanelephant,guitar,labcoat,2,6416,7,59,SGD,0.10224,False,-
8,africanelephant,guitar,labcoat,2,6905,7,48,Adam,0.017941,False,-
8,africanelephant,guitar,labcoat,2,8848,9,32,SGD,0.06037,False,-
8,africanelephant,guitar,labcoat,2,1140,6,58,SGD,0.205008,False,-
9,cougar,baseball,gardenspider,2,6538,8,57,Adam,0.036304,False,-
9,cougar,baseball,gardenspider,2,882,7,41,SGD,0.050951,False,-
9,cougar,baseball,gardenspider,2,7166,6,100,SGD,0.018397,False,-
9,cougar,baseball,gardenspider,2,2454,7,22,SGD,0.612748,False,-
9,cougar,baseball,gardenspider,2,6068,7,72,SGD,0.038025,False,-
9,cougar,baseball,gardenspider,2,2819,9,57,Adam,0.04948,False,-
9,cougar,baseball,gardenspider,2,7084,5,34,Adam,0.107579,False,-
9,cougar,baseball,gardenspider,2,7742,7,63,SGD,0.004737,False,-
9,cougar,baseball,gardenspider,2,8182,6,84,SGD,0.041043,False,-
9,cougar,baseball,gardenspider,2,3637,6,48,Adam,0.027388,False,-
9,cougar,baseball,gardenspider,2,6337,5,41,SGD,0.028806,False,-
9,cougar,baseball,gardenspider,2,7470,7,46,Adam,0.098795,False,-
9,cougar,baseball,gardenspider,2,1088,8,62,Adam,0.08826,False,-
9,cougar,baseball,gardenspider,2,9959,9,62,SGD,0.073444,False,-
9,cougar,baseball,gardenspider,2,3175,5,40,SGD,0.108614,False,-
9,cougar,baseball,gardenspider,2,2014,7,43,SGD,0.038915,False,-
9,cougar,baseball,gardenspider,2,5409,9,55,Adam,0.081016,False,-
9,cougar,baseball,gardenspider,2,5776,6,64,Adam,0.105405,False,-
9,cougar,baseball,gardenspider,2,1497,9,38,SGD,0.08283,False,-
9,cougar,baseball,gardenspider,2,2951,7,55,SGD,0.037873,False,-
9,cougar,baseball,gardenspider,2,5789,9,77,Adam,0.03395,False,-
9,cougar,baseball,gardenspider,2,182,6,82,Adam,0.134144,False,-
9,cougar,baseball,gardenspider,2,159,6,67,SGD,0.022849,False,-
9,cougar,baseball,gardenspider,2,6846,8,60,Adam,0.033135,False,-
9,cougar,baseball,gardenspider,2,6046,6,60,Adam,0.023331,False,-
9,cougar,baseball,gardenspider,2,7758,5,55,Adam,0.049418,False,-
9,cougar,baseball,gardenspider,2,3167,5,42,Adam,0.122514,False,-
9,cougar,baseball,gardenspider,2,2624,7,65,Adam,0.03369,False,-
9,cougar,baseball,gardenspider,2,9010,9,26,SGD,0.01923,False,-
9,cougar,baseball,gardenspider,2,8662,6,66,SGD,0.054406,False,-
9,cougar,baseball,gardenspider,2,7094,6,48,SGD,0.030597,False,-
9,cougar,baseball,gardenspider,2,9120,8,60,SGD,0.026169,False,-
9,cougar,baseball,gardenspider,2,5832,9,88,SGD,0.035857,False,-
9,cougar,baseball,gardenspider,2,1124,8,53,Adam,0.121162,False,-
9,cougar,baseball,gardenspider,2,7935,7,47,SGD,0.044236,False,-
9,cougar,baseball,gardenspider,2,2257,9,59,Adam,0.063316,False,-
9,cougar,baseball,gardenspider,2,4424,7,67,SGD,0.141635,False,-
9,cougar,baseball,gardenspider,2,9388,9,43,SGD,0.035637,False,-
9,cougar,baseball,gardenspider,2,7170,8,49,SGD,0.23973,False,-
9,cougar,baseball,gardenspider,2,234,7,70,SGD,0.075302,False,-
9,cougar,baseball,gardenspider,2,6708,8,59,Adam,0.029959,False,-
9,cougar,baseball,gardenspider,2,3173,6,51,Adam,0.00603,False,-
9,cougar,baseball,gardenspider,2,2064,8,53,Adam,0.050389,False,-
9,cougar,baseball,gardenspider,2,8931,6,85,Adam,0.059193,False,-
9,cougar,baseball,gardenspider,2,3227,5,61,Adam,0.050575,False,-
9,cougar,baseball,gardenspider,2,5818,5,49,Adam,0.031465,False,-
9,cougar,baseball,gardenspider,2,1524,5,56,Adam,0.17191,False,-
9,cougar,baseball,gardenspider,2,3709,8,57,SGD,0.051856,False,-
9,cougar,baseball,gardenspider,2,4552,7,60,Adam,0.125254,False,-
9,cougar,baseball,gardenspider,2,8835,7,59,SGD,0.056132,False,-
9,cougar,baseball,gardenspider,2,3276,8,44,SGD,0.048174,False,-
9,cougar,baseball,gardenspider,2,8584,9,86,SGD,0.070396,False,-
9,cougar,baseball,gardenspider,2,6683,5,64,SGD,0.024898,False,-
9,cougar,baseball,gardenspider,2,25,5,60,Adam,0.154185,False,-
9,cougar,baseball,gardenspider,2,3764,8,78,Adam,0.022102,False,-
9,cougar,baseball,gardenspider,2,1072,8,73,SGD,0.024257,False,-
9,cougar,baseball,gardenspider,2,8350,5,71,SGD,0.121379,False,-
9,cougar,baseball,gardenspider,2,7763,8,29,SGD,0.028003,False,-
9,cougar,baseball,gardenspider,2,2783,9,64,SGD,0.057713,False,-
9,cougar,baseball,gardenspider,2,1932,7,51,Adam,0.018579,False,-
10,rockingchair,strawberry,ostrich,2,8811,5,19,SGD,0.080347,False,-
10,rockingchair,strawberry,ostrich,2,9467,7,55,Adam,0.064925,False,-
10,rockingchair,strawberry,ostrich,2,7186,6,61,SGD,0.050556,False,-
10,rockingchair,strawberry,ostrich,2,3212,6,82,Adam,0.042736,False,-
10,rockingchair,strawberry,ostrich,2,6976,7,40,SGD,0.072652,False,-
10,rockingchair,strawberry,ostrich,2,5973,9,50,Adam,0.049759,False,-
10,rockingchair,strawberry,ostrich,2,1636,8,36,Adam,0.080751,False,-
10,rockingchair,strawberry,ostrich,2,2369,7,42,Adam,0.025875,False,-
10,rockingchair,strawberry,ostrich,2,3947,9,54,SGD,0.081433,False,-
10,rockingchair,strawberry,ostrich,2,4422,5,44,Adam,0.060419,False,-
10,rockingchair,strawberry,ostrich,2,7778,5,29,SGD,0.035507,False,-
10,rockingchair,strawberry,ostrich,2,8307,9,25,SGD,0.10168,False,-
10,rockingchair,strawberry,ostrich,2,2161,5,55,Adam,0.02321,False,-
10,rockingchair,strawberry,ostrich,2,4200,9,48,SGD,0.086212,False,-
10,rockingchair,strawberry,ostrich,2,7423,7,25,Adam,0.192249,False,-
10,rockingchair,strawberry,ostrich,2,1132,8,68,SGD,0.04408,False,-
10,rockingchair,strawberry,ostrich,2,7812,9,64,SGD,0.076626,False,-
10,rockingchair,strawberry,ostrich,2,3180,9,42,SGD,0.02184,False,-
10,rockingchair,strawberry,ostrich,2,4570,8,65,Adam,0.037169,False,-
10,rockingchair,strawberry,ostrich,2,9582,7,47,SGD,0.107119,False,-
10,rockingchair,strawberry,ostrich,2,3607,6,55,Adam,0.142034,False,-
10,rockingchair,strawberry,ostrich,2,3252,8,47,Adam,0.046644,False,-
10,rockingchair,strawberry,ostrich,2,7997,5,44,SGD,0.051166,False,-
10,rockingchair,strawberry,ostrich,2,6534,9,39,Adam,0.027345,False,-
10,rockingchair,strawberry,ostrich,2,5934,8,73,SGD,0.095986,False,-
10,rockingchair,strawberry,ostrich,2,1849,6,42,Adam,0.023782,False,-
10,rockingchair,strawberry,ostrich,2,4591,7,65,SGD,0.027299,False,-
10,rockingchair,strawberry,ostrich,2,1991,5,35,SGD,0.011801,False,-
10,rockingchair,strawberry,ostrich,2,4538,6,61,SGD,0.152785,False,-
10,rockingchair,strawberry,ostrich,2,2832,8,57,Adam,0.073769,False,-
10,rockingchair,strawberry,ostrich,2,2800,5,42,SGD,0.076616,False,-
10,rockingchair,strawberry,ostrich,2,7361,7,50,Adam,0.059386,False,-
10,rockingchair,strawberry,ostrich,2,508,5,67,Adam,0.030385,False,-
10,rockingchair,strawberry,ostrich,2,5260,8,70,SGD,0.105404,False,-
10,rockingchair,strawberry,ostrich,2,2230,5,52,SGD,0.010336,False,-
10,rockingchair,strawberry,ostrich,2,1151,8,50,SGD,0.047015,False,-
10,rockingchair,strawberry,ostrich,2,2535,6,71,Adam,0.06657,False,-
10,rockingchair,strawberry,ostrich,2,6871,7,83,SGD,0.050184,False,-
10,rockingchair,strawberry,ostrich,2,5287,7,28,Adam,0.029483,False,-
10,rockingchair,strawberry,ostrich,2,999,9,57,SGD,0.059841,False,-
10,rockingchair,strawberry,ostrich,2,9729,7,43,Adam,0.049897,False,-
10,rockingchair,strawberry,ostrich,2,8566,7,34,Adam,0.085919,False,-
10,rockingchair,strawberry,ostrich,2,8160,5,54,Adam,0.041093,False,-
10,rockingchair,strawberry,ostrich,2,139,5,53,SGD,0.087367,False,-
10,rockingchair,strawberry,ostrich,2,7236,7,44,Adam,0.041308,False,-
10,rockingchair,strawberry,ostrich,2,4821,9,57,SGD,0.048199,False,-
10,rockingchair,strawberry,ostrich,2,2438,7,62,SGD,0.144934,False,-
10,rockingchair,strawberry,ostrich,2,5911,6,54,SGD,0.040203,False,-
10,rockingchair,strawberry,ostrich,2,517,6,51,SGD,0.023769,False,-
10,rockingchair,strawberry,ostrich,2,3802,5,32,Adam,0.029599,False,-
10,rockingchair,strawberry,ostrich,2,8399,6,69,SGD,0.017796,False,-
10,rockingchair,strawberry,ostrich,2,1518,8,46,SGD,0.040062,False,-
10,rockingchair,strawberry,ostrich,2,3554,6,72,SGD,0.112022,False,-
10,rockingchair,strawberry,ostrich,2,4195,7,70,SGD,0.061865,False,-
10,rockingchair,strawberry,ostrich,2,9369,5,63,Adam,0.065381,False,-
10,rockingchair,strawberry,ostrich,2,1813,8,70,Adam,0.126904,False,-
10,rockingchair,strawberry,ostrich,2,4396,8,56,SGD,0.08875,False,-
10,rockingchair,strawberry,ostrich,2,7817,8,66,SGD,0.159979,False,-
10,rockingchair,strawberry,ostrich,2,8367,5,80,Adam,0.049244,False,-
10,rockingchair,strawberry,ostrich,2,1779,7,58,SGD,0.063146,False,-
11,englishsetter,irishsetter,desk,3,8089,7,81,SGD,0.150343,False,-
11,englishsetter,irishsetter,desk,3,4017,8,63,SGD,0.020186,False,-
11,englishsetter,irishsetter,desk,3,1134,8,44,Adam,0.024812,False,-
11,englishsetter,irishsetter,desk,3,8252,6,65,SGD,0.163621,False,-
11,englishsetter,irishsetter,desk,3,1629,6,50,Adam,0.10168,False,-
11,englishsetter,irishsetter,desk,3,1993,5,69,Adam,0.027262,False,-
11,englishsetter,irishsetter,desk,3,7786,5,67,SGD,0.036477,False,-
11,englishsetter,irishsetter,desk,3,4744,6,51,SGD,0.159232,False,-
11,englishsetter,irishsetter,desk,3,4458,7,45,Adam,0.197011,False,-
11,englishsetter,irishsetter,desk,3,5738,9,49,SGD,0.152179,False,-
11,englishsetter,irishsetter,desk,3,7352,9,55,Adam,0.010719,False,-
11,englishsetter,irishsetter,desk,3,8003,8,58,Adam,0.03685,False,-
11,englishsetter,irishsetter,desk,3,8312,5,77,SGD,0.053302,False,-
11,englishsetter,irishsetter,desk,3,241,7,63,Adam,0.108019,False,-
11,englishsetter,irishsetter,desk,3,195,8,56,SGD,0.013196,False,-
11,englishsetter,irishsetter,desk,3,8468,9,70,SGD,0.034271,False,-
11,englishsetter,irishsetter,desk,3,2591,9,37,SGD,0.016728,False,-
11,englishsetter,irishsetter,desk,3,2854,5,64,Adam,0.039582,False,-
11,englishsetter,irishsetter,desk,3,2594,5,61,SGD,0.098038,False,-
11,englishsetter,irishsetter,desk,3,8143,7,51,Adam,0.048321,False,-
11,englishsetter,irishsetter,desk,3,1700,9,43,Adam,0.162374,False,-
11,englishsetter,irishsetter,desk,3,5164,5,64,SGD,0.069154,False,-
11,englishsetter,irishsetter,desk,3,4757,5,40,SGD,0.01196,False,-
11,englishsetter,irishsetter,desk,3,8690,6,43,Adam,0.039545,False,-
11,englishsetter,irishsetter,desk,3,9928,6,33,Adam,0.080451,False,-
11,englishsetter,irishsetter,desk,3,146,8,58,Adam,0.051333,False,-
11,englishsetter,irishsetter,desk,3,3360,5,83,SGD,0.067996,False,-
11,englishsetter,irishsetter,desk,3,8640,9,15,SGD,0.049922,False,-
11,englishsetter,irishsetter,desk,3,4188,9,54,SGD,0.233436,False,-
11,englishsetter,irishsetter,desk,3,4390,6,39,SGD,0.051094,False,-
11,englishsetter,irishsetter,desk,3,5126,6,14,Adam,0.061278,False,-
11,englishsetter,irishsetter,desk,3,6314,5,41,SGD,0.195442,False,-
11,englishsetter,irishsetter,desk,3,9359,5,68,SGD,0.117502,False,-
11,englishsetter,irishsetter,desk,3,7260,5,50,Adam,0.06518,False,-
11,englishsetter,irishsetter,desk,3,6773,5,70,SGD,0.605027,False,-
11,englishsetter,irishsetter,desk,3,4008,9,50,Adam,0.049371,False,-
11,englishsetter,irishsetter,desk,3,2104,6,54,Adam,0.052153,False,-
11,englishsetter,irishsetter,desk,3,2581,8,63,SGD,0.02735,False,-
11,englishsetter,irishsetter,desk,3,4780,6,73,Adam,0.03359,False,-
11,englishsetter,irishsetter,desk,3,6079,9,26,Adam,0.081738,False,-
11,englishsetter,irishsetter,desk,3,8397,7,41,Adam,0.159719,False,-
11,englishsetter,irishsetter,desk,3,2890,6,63,Adam,0.042316,False,-
11,englishsetter,irishsetter,desk,3,897,5,76,Adam,0.01639,False,-
11,englishsetter,irishsetter,desk,3,5167,5,30,SGD,0.213464,False,-
11,englishsetter,irishsetter,desk,3,3439,9,75,SGD,0.020167,False,-
11,englishsetter,irishsetter,desk,3,5330,8,44,Adam,0.076007,False,-
11,englishsetter,irishsetter,desk,3,8411,9,47,SGD,0.028679,False,-
11,englishsetter,irishsetter,desk,3,1812,6,57,SGD,0.105721,False,-
11,englishsetter,irishsetter,desk,3,7081,8,82,Adam,0.041818,False,-
11,englishsetter,irishsetter,desk,3,615,7,60,SGD,0.018632,False,-
11,englishsetter,irishsetter,desk,3,6859,6,34,Adam,0.051039,False,-
11,englishsetter,irishsetter,desk,3,2561,6,72,SGD,0.035552,False,-
11,englishsetter,irishsetter,desk,3,383,5,56,SGD,0.047727,False,-
11,englishsetter,irishsetter,desk,3,6111,8,28,SGD,0.039357,False,-
11,englishsetter,irishsetter,desk,3,7957,6,70,SGD,0.076516,False,-
11,englishsetter,irishsetter,desk,3,4933,8,66,Adam,0.095663,False,-
11,englishsetter,irishsetter,desk,3,8960,9,50,SGD,0.073773,False,-
11,englishsetter,irishsetter,desk,3,3191,6,49,Adam,0.155116,False,-
11,englishsetter,irishsetter,desk,3,8092,9,60,Adam,0.064115,False,-
11,englishsetter,irishsetter,desk,3,1205,9,66,SGD,0.081266,False,-
12,egyptiancat,persiancat,footballhelmet,3,4460,7,39,Adam,0.040956,False,-
12,egyptiancat,persiancat,footballhelmet,3,2964,7,52,Adam,0.04834,False,-
12,egyptiancat,persiancat,footballhelmet,3,6644,7,58,Adam,0.073338,False,-
12,egyptiancat,persiancat,footballhelmet,3,3839,7,28,Adam,0.014668,False,-
12,egyptiancat,persiancat,footballhelmet,3,67,9,75,SGD,0.094351,False,-
12,egyptiancat,persiancat,footballhelmet,3,572,7,79,SGD,0.222937,False,-
12,egyptiancat,persiancat,footballhelmet,3,650,6,60,Adam,0.009279,False,-
12,egyptiancat,persiancat,footballhelmet,3,5780,8,72,Adam,0.049056,False,-
12,egyptiancat,persiancat,footballhelmet,3,7845,5,64,SGD,0.05002,False,-
12,egyptiancat,persiancat,footballhelmet,3,3226,6,47,SGD,0.05629,False,-
12,egyptiancat,persiancat,footballhelmet,3,2904,5,56,SGD,0.027356,False,-
12,egyptiancat,persiancat,footballhelmet,3,6982,8,34,Adam,0.036468,False,-
12,egyptiancat,persiancat,footballhelmet,3,7086,5,49,Adam,0.065472,False,-
12,egyptiancat,persiancat,footballhelmet,3,1135,5,78,SGD,0.098587,False,-
12,egyptiancat,persiancat,footballhelmet,3,1141,8,55,Adam,0.07781,False,-
12,egyptiancat,persiancat,footballhelmet,3,5213,9,58,Adam,0.019825,False,-
12,egyptiancat,persiancat,footballhelmet,3,3875,6,48,SGD,0.060762,False,-
12,egyptiancat,persiancat,footballhelmet,3,7175,9,42,SGD,0.044192,False,-
12,egyptiancat,persiancat,footballhelmet,3,6582,7,61,SGD,0.037897,False,-
12,egyptiancat,persiancat,footballhelmet,3,9135,7,41,SGD,0.11045,False,-
12,egyptiancat,persiancat,footballhelmet,3,2259,9,58,SGD,0.09597,False,-
12,egyptiancat,persiancat,footballhelmet,3,7431,9,52,Adam,0.033786,False,-
12,egyptiancat,persiancat,footballhelmet,3,5750,8,60,SGD,0.063721,False,-
12,egyptiancat,persiancat,footballhelmet,3,6034,7,49,Adam,0.148647,False,-
12,egyptiancat,persiancat,footballhelmet,3,8954,8,53,SGD,0.026868,False,-
12,egyptiancat,persiancat,footballhelmet,3,7972,5,54,Adam,0.073062,False,-
12,egyptiancat,persiancat,footballhelmet,3,6026,9,47,Adam,0.03757,False,-
12,egyptiancat,persiancat,footballhelmet,3,7587,9,67,Adam,0.165374,False,-
12,egyptiancat,persiancat,footballhelmet,3,1289,7,52,SGD,0.114027,False,-
12,egyptiancat,persiancat,footballhelmet,3,7657,5,40,Adam,0.109317,False,-
12,egyptiancat,persiancat,footballhelmet,3,5208,6,71,SGD,0.085893,False,-
12,egyptiancat,persiancat,footballhelmet,3,9486,9,37,Adam,0.03339,False,-
12,egyptiancat,persiancat,footballhelmet,3,446,8,73,Adam,0.047378,False,-
12,egyptiancat,persiancat,footballhelmet,3,226,6,60,Adam,0.02824,False,-
12,egyptiancat,persiancat,footballhelmet,3,2535,9,80,SGD,0.052835,False,-
12,egyptiancat,persiancat,footballhelmet,3,269,8,41,Adam,0.107482,False,-
12,egyptiancat,persiancat,footballhelmet,3,6263,8,58,Adam,0.041761,False,-
12,egyptiancat,persiancat,footballhelmet,3,6901,6,58,SGD,0.096614,False,-
12,egyptiancat,persiancat,footballhelmet,3,2294,5,44,SGD,0.094477,False,-
12,egyptiancat,persiancat,footballhelmet,3,698,8,72,SGD,0.058151,False,-
12,egyptiancat,persiancat,footballhelmet,3,7869,8,38,Adam,0.085871,False,-
12,egyptiancat,persiancat,footballhelmet,3,3558,8,63,SGD,0.133079,False,-
12,egyptiancat,persiancat,footballhelmet,3,2979,5,34,Adam,0.060805,False,-
12,egyptiancat,persiancat,footballhelmet,3,5447,6,65,SGD,0.057572,False,-
12,egyptiancat,persiancat,footballhelmet,3,4876,9,78,Adam,0.04223,False,-
12,egyptiancat,persiancat,footballhelmet,3,721,5,60,Adam,0.056981,False,-
12,egyptiancat,persiancat,footballhelmet,3,1117,6,46,SGD,0.020486,False,-
12,egyptiancat,persiancat,footballhelmet,3,6771,5,78,Adam,0.043192,False,-
12,egyptiancat,persiancat,footballhelmet,3,7069,5,43,Adam,0.086697,False,-
12,egyptiancat,persiancat,footballhelmet,3,1504,9,58,Adam,0.02436,False,-
12,egyptiancat,persiancat,footballhelmet,3,9536,7,48,SGD,0.136112,False,-
12,egyptiancat,persiancat,footballhelmet,3,7850,5,59,SGD,0.015893,False,-
12,egyptiancat,persiancat,footballhelmet,3,8615,6,71,Adam,0.025869,False,-
12,egyptiancat,persiancat,footballhelmet,3,5831,5,45,Adam,0.013393,False,-
12,egyptiancat,persiancat,footballhelmet,3,7282,6,62,Adam,0.058232,False,-
12,egyptiancat,persiancat,footballhelmet,3,8464,7,45,SGD,0.02391,False,-
12,egyptiancat,persiancat,footballhelmet,3,7538,8,41,Adam,0.106911,False,-
12,egyptiancat,persiancat,footballhelmet,3,2105,9,68,SGD,0.161724,False,-
12,egyptiancat,persiancat,footballhelmet,3,5305,8,45,Adam,0.041435,False,-
12,egyptiancat,persiancat,footballhelmet,3,4992,6,69,SGD,0.03428,False,-
13,africanelephant,indianelephant,acousticguitar,3,4567,6,38,SGD,0.06321,False,-
13,africanelephant,indianelephant,acousticguitar,3,8728,6,35,Adam,0.098573,False,-
13,africanelephant,indianelephant,acousticguitar,3,4247,9,52,SGD,0.162509,False,-
13,africanelephant,indianelephant,acousticguitar,3,6305,6,72,Adam,0.020547,False,-
13,africanelephant,indianelephant,acousticguitar,3,3672,6,47,Adam,0.021381,False,-
13,africanelephant,indianelephant,acousticguitar,3,5552,8,60,SGD,0.031547,False,-
13,africanelephant,indianelephant,acousticguitar,3,2341,9,26,SGD,0.047127,False,-
13,africanelephant,indianelephant,acousticguitar,3,9517,5,68,Adam,0.054183,False,-
13,africanelephant,indianelephant,acousticguitar,3,9518,8,41,SGD,0.057889,False,-
13,africanelephant,indianelephant,acousticguitar,3,9878,7,75,SGD,0.009664,False,-
13,africanelephant,indianelephant,acousticguitar,3,3783,7,53,SGD,0.053648,False,-
13,africanelephant,indianelephant,acousticguitar,3,310,9,77,Adam,0.080596,False,-
13,africanelephant,indianelephant,acousticguitar,3,5898,8,61,SGD,0.038458,False,-
13,africanelephant,indianelephant,acousticguitar,3,6078,9,48,SGD,0.01469,False,-
13,africanelephant,indianelephant,acousticguitar,3,8806,6,26,Adam,0.025014,False,-
13,africanelephant,indianelephant,acousticguitar,3,1587,5,48,Adam,0.225406,False,-
13,africanelephant,indianelephant,acousticguitar,3,2432,5,61,SGD,0.026295,False,-
13,africanelephant,indianelephant,acousticguitar,3,5454,5,47,Adam,0.069676,False,-
13,africanelephant,indianelephant,acousticguitar,3,8848,5,65,SGD,0.041117,False,-
13,africanelephant,indianelephant,acousticguitar,3,7693,9,77,SGD,0.070585,False,-
13,africanelephant,indianelephant,acousticguitar,3,2462,9,47,Adam,0.059639,False,-
13,africanelephant,indianelephant,acousticguitar,3,6049,6,52,Adam,0.069018,False,-
13,africanelephant,indianelephant,acousticguitar,3,2618,6,55,SGD,0.071183,False,-
13,africanelephant,indianelephant,acousticguitar,3,7566,7,70,Adam,0.146116,False,-
13,africanelephant,indianelephant,acousticguitar,3,9890,6,61,SGD,0.070095,False,-
13,africanelephant,indianelephant,acousticguitar,3,1073,5,78,SGD,0.037426,False,-
13,africanelephant,indianelephant,acousticguitar,3,9343,9,52,Adam,0.028912,False,-
13,africanelephant,indianelephant,acousticguitar,3,8378,8,56,SGD,0.014789,False,-
13,africanelephant,indianelephant,acousticguitar,3,757,7,41,SGD,0.020408,False,-
13,africanelephant,indianelephant,acousticguitar,3,6726,8,58,SGD,0.086655,False,-
13,africanelephant,indianelephant,acousticguitar,3,4066,6,51,SGD,0.046368,False,-
13,africanelephant,indianelephant,acousticguitar,3,422,8,69,SGD,0.044686,False,-
13,africanelephant,indianelephant,acousticguitar,3,8069,6,49,SGD,0.040251,False,-
13,africanelephant,indianelephant,acousticguitar,3,2053,6,54,SGD,0.132017,False,-
13,africanelephant,indianelephant,acousticguitar,3,1764,6,27,Adam,0.091426,False,-
13,africanelephant,indianelephant,acousticguitar,3,3177,7,70,Adam,0.118574,False,-
13,africanelephant,indianelephant,acousticguitar,3,808,7,74,SGD,0.019389,False,-
13,africanelephant,indianelephant,acousticguitar,3,7701,5,75,Adam,0.034065,False,-
13,africanelephant,indianelephant,acousticguitar,3,5634,5,79,SGD,0.117242,False,-
13,africanelephant,indianelephant,acousticguitar,3,9032,6,35,Adam,0.078702,False,-
13,africanelephant,indianelephant,acousticguitar,3,2971,6,50,SGD,0.018919,False,-
13,africanelephant,indianelephant,acousticguitar,3,717,6,52,Adam,0.027197,False,-
13,africanelephant,indianelephant,acousticguitar,3,1048,7,38,Adam,0.065578,False,-
13,africanelephant,indianelephant,acousticguitar,3,1620,9,53,Adam,0.061969,False,-
13,africanelephant,indianelephant,acousticguitar,3,2941,6,52,Adam,0.08997,False,-
13,africanelephant,indianelephant,acousticguitar,3,5450,5,44,Adam,0.114877,False,-
13,africanelephant,indianelephant,acousticguitar,3,2345,8,69,Adam,0.010325,False,-
13,africanelephant,indianelephant,acousticguitar,3,4922,7,39,SGD,0.10514,False,-
13,africanelephant,indianelephant,acousticguitar,3,1902,8,73,SGD,0.040147,False,-
13,africanelephant,indianelephant,acousticguitar,3,464,8,53,Adam,0.024299,False,-
13,africanelephant,indianelephant,acousticguitar,3,9117,6,67,SGD,0.066917,False,-
13,africanelephant,indianelephant,acousticguitar,3,6940,7,84,SGD,0.043944,False,-
13,africanelephant,indianelephant,acousticguitar,3,4713,9,64,Adam,0.088165,False,-
13,africanelephant,indianelephant,acousticguitar,3,4933,8,40,Adam,0.040962,False,-
13,africanelephant,indianelephant,acousticguitar,3,9141,8,28,SGD,0.104552,False,-
13,africanelephant,indianelephant,acousticguitar,3,9021,9,35,Adam,0.01855,False,-
13,africanelephant,indianelephant,acousticguitar,3,7910,7,32,SGD,0.033336,False,-
13,africanelephant,indianelephant,acousticguitar,3,8339,5,40,Adam,0.054378,False,-
13,africanelephant,indianelephant,acousticguitar,3,6781,7,76,Adam,0.019974,False,-
13,africanelephant,indianelephant,acousticguitar,3,5929,5,68,SGD,0.215175,False,-
14,airliner,warplane,banana,3,9822,9,49,Adam,0.165005,False,-
14,airliner,warplane,banana,3,6337,8,55,SGD,0.267934,False,-
14,airliner,warplane,banana,3,244,7,45,Adam,0.036372,False,-
14,airliner,warplane,banana,3,3398,6,29,Adam,0.05658,False,-
14,airliner,warplane,banana,3,1371,5,72,SGD,0.0829,False,-
14,airliner,warplane,banana,3,9323,7,68,Adam,0.071431,False,-
14,airliner,warplane,banana,3,2537,7,80,SGD,0.168401,False,-
14,airliner,warplane,banana,3,2077,8,68,Adam,0.026979,False,-
14,airliner,warplane,banana,3,8635,6,64,SGD,0.01737,False,-
14,airliner,warplane,banana,3,8745,9,37,Adam,0.081047,False,-
14,airliner,warplane,banana,3,6897,7,60,Adam,0.018543,False,-
14,airliner,warplane,banana,3,7240,8,56,SGD,0.03905,False,-
14,airliner,warplane,banana,3,5807,8,77,SGD,0.046133,False,-
14,airliner,warplane,banana,3,1409,5,57,SGD,0.105434,False,-
14,airliner,warplane,banana,3,279,9,29,SGD,0.116133,False,-
14,airliner,warplane,banana,3,4427,8,31,SGD,0.100193,False,-
14,airliner,warplane,banana,3,7697,7,67,Adam,0.026058,False,-
14,airliner,warplane,banana,3,5060,8,42,Adam,0.036872,False,-
14,airliner,warplane,banana,3,3789,8,72,SGD,0.01838,False,-
14,airliner,warplane,banana,3,3629,8,53,Adam,0.094162,False,-
14,airliner,warplane,banana,3,7940,9,59,Adam,0.093188,False,-
14,airliner,warplane,banana,3,2253,7,35,Adam,0.027153,False,-
14,airliner,warplane,banana,3,4054,9,56,SGD,0.077556,False,-
14,airliner,warplane,banana,3,325,5,78,SGD,0.020866,False,-
14,airliner,warplane,banana,3,2778,5,48,Adam,0.007253,False,-
14,airliner,warplane,banana,3,7754,7,71,SGD,0.053555,False,-
14,airliner,warplane,banana,3,1581,7,46,Adam,0.112109,False,-
14,airliner,warplane,banana,3,5968,6,73,Adam,0.124119,False,-
14,airliner,warplane,banana,3,2994,5,41,SGD,0.064654,False,-
14,airliner,warplane,banana,3,7371,8,70,SGD,0.095922,False,-
14,airliner,warplane,banana,3,4085,7,66,Adam,0.157482,False,-
14,airliner,warplane,banana,3,6331,5,48,SGD,0.012395,False,-
14,airliner,warplane,banana,3,5162,7,59,SGD,0.014957,False,-
14,airliner,warplane,banana,3,6770,6,39,SGD,0.023084,False,-
14,airliner,warplane,banana,3,4306,7,72,Adam,0.308116,False,-
14,airliner,warplane,banana,3,2657,7,44,SGD,0.014695,False,-
14,airliner,warplane,banana,3,8105,8,78,Adam,0.078808,False,-
14,airliner,warplane,banana,3,4362,9,44,SGD,0.126182,False,-
14,airliner,warplane,banana,3,5540,9,49,SGD,0.043961,False,-
14,airliner,warplane,banana,3,4213,5,56,SGD,0.065864,False,-
14,airliner,warplane,banana,3,8557,6,65,Adam,0.044619,False,-
14,airliner,warplane,banana,3,8982,6,61,Adam,0.052957,False,-
14,airliner,warplane,banana,3,9269,9,56,Adam,0.009068,False,-
14,airliner,warplane,banana,3,8989,8,37,Adam,0.012908,False,-
14,airliner,warplane,banana,3,946,6,77,Adam,0.162873,False,-
14,airliner,warplane,banana,3,8697,5,57,SGD,0.074922,False,-
14,airliner,warplane,banana,3,1192,6,91,SGD,0.032263,False,-
14,airliner,warplane,banana,3,6106,8,42,SGD,0.033278,False,-
14,airliner,warplane,banana,3,1539,5,77,Adam,0.102969,False,-
14,airliner,warplane,banana,3,7345,5,42,SGD,0.021876,False,-
14,airliner,warplane,banana,3,5930,7,38,Adam,0.06268,False,-
14,airliner,warplane,banana,3,1436,7,51,SGD,0.019851,False,-
14,airliner,warplane,banana,3,3622,6,59,Adam,0.003442,False,-
14,airliner,warplane,banana,3,1301,7,34,Adam,0.022174,False,-
14,airliner,warplane,banana,3,6396,5,40,SGD,0.013636,False,-
14,airliner,warplane,banana,3,2645,7,94,SGD,0.076184,False,-
14,airliner,warplane,banana,3,7928,6,75,SGD,0.046574,False,-
14,airliner,warplane,banana,3,8346,5,60,Adam,0.015323,False,-
14,airliner,warplane,banana,3,5811,9,52,SGD,0.016833,False,-
14,airliner,warplane,banana,3,9401,5,48,Adam,0.072576,False,-
15,siberianhusky,malamute,hammer,3,9082,6,55,Adam,0.012426,False,-
15,siberianhusky,malamute,hammer,3,1473,8,54,Adam,0.089539,False,-
15,siberianhusky,malamute,hammer,3,9782,7,55,SGD,0.07898,False,-
15,siberianhusky,malamute,hammer,3,8411,7,71,Adam,0.234162,False,-
15,siberianhusky,malamute,hammer,3,6559,9,76,SGD,0.077566,False,-
15,siberianhusky,malamute,hammer,3,1353,7,46,Adam,0.060084,False,-
15,siberianhusky,malamute,hammer,3,5506,7,42,SGD,0.095449,False,-
15,siberianhusky,malamute,hammer,3,5515,9,42,Adam,0.030277,False,-
15,siberianhusky,malamute,hammer,3,9906,9,55,SGD,0.035307,False,-
15,siberianhusky,malamute,hammer,3,3567,5,63,Adam,0.052606,False,-
15,siberianhusky,malamute,hammer,3,2062,6,57,SGD,0.017088,False,-
15,siberianhusky,malamute,hammer,3,2313,7,37,Adam,0.302709,False,-
15,siberianhusky,malamute,hammer,3,305,8,66,Adam,0.121605,False,-
15,siberianhusky,malamute,hammer,3,3862,7,71,Adam,0.104076,False,-
15,siberianhusky,malamute,hammer,3,3261,9,51,SGD,0.033337,False,-
15,siberianhusky,malamute,hammer,3,1342,5,52,SGD,0.035623,False,-
15,siberianhusky,malamute,hammer,3,6280,8,49,SGD,0.052176,False,-
15,siberianhusky,malamute,hammer,3,2031,7,55,SGD,0.073731,False,-
15,siberianhusky,malamute,hammer,3,2653,9,50,Adam,0.041971,False,-
15,siberianhusky,malamute,hammer,3,8558,6,62,Adam,0.23413,False,-
15,siberianhusky,malamute,hammer,3,4683,9,41,SGD,0.017427,False,-
15,siberianhusky,malamute,hammer,3,9190,9,56,SGD,0.051636,False,-
15,siberianhusky,malamute,hammer,3,9943,5,75,SGD,0.090348,False,-
15,siberianhusky,malamute,hammer,3,7607,7,73,Adam,0.024688,False,-
15,siberianhusky,malamute,hammer,3,8890,5,61,SGD,0.072828,False,-
15,siberianhusky,malamute,hammer,3,5296,9,43,Adam,0.069914,False,-
15,siberianhusky,malamute,hammer,3,2639,9,72,Adam,0.240799,False,-
15,siberianhusky,malamute,hammer,3,6683,7,39,Adam,0.039678,False,-
15,siberianhusky,malamute,hammer,3,4086,9,39,Adam,0.042964,False,-
15,siberianhusky,malamute,hammer,3,4758,7,52,Adam,0.260364,False,-
15,siberianhusky,malamute,hammer,3,1181,9,77,Adam,0.220064,False,-
15,siberianhusky,malamute,hammer,3,5014,7,34,SGD,0.065282,False,-
15,siberianhusky,malamute,hammer,3,4530,6,46,SGD,0.048406,False,-
15,siberianhusky,malamute,hammer,3,9562,5,46,Adam,0.168366,False,-
15,siberianhusky,malamute,hammer,3,2159,9,38,Adam,0.04838,False,-
15,siberianhusky,malamute,hammer,3,6772,8,60,Adam,0.371296,False,-
15,siberianhusky,malamute,hammer,3,9713,5,27,SGD,0.048518,False,-
15,siberianhusky,malamute,hammer,3,6060,7,64,Adam,0.054939,False,-
15,siberianhusky,malamute,hammer,3,1378,5,58,SGD,0.027176,False,-
15,siberianhusky,malamute,hammer,3,7036,9,66,Adam,0.017579,False,-
15,siberianhusky,malamute,hammer,3,4603,7,29,SGD,0.095803,False,-
15,siberianhusky,malamute,hammer,3,4818,5,59,SGD,0.058148,False,-
15,siberianhusky,malamute,hammer,3,4576,6,62,Adam,0.031619,False,-
15,siberianhusky,malamute,hammer,3,8536,9,79,Adam,0.190977,False,-
15,siberianhusky,malamute,hammer,3,7016,7,32,Adam,0.053681,False,-
15,siberianhusky,malamute,hammer,3,9971,9,75,SGD,0.128228,False,-
15,siberianhusky,malamute,hammer,3,9603,5,53,SGD,0.110752,False,-
15,siberianhusky,malamute,hammer,3,9873,6,42,Adam,0.085397,False,-
15,siberianhusky,malamute,hammer,3,66,5,49,Adam,0.016734,False,-
15,siberianhusky,malamute,hammer,3,7675,5,43,Adam,0.118314,False,-
15,siberianhusky,malamute,hammer,3,790,9,52,SGD,0.068334,False,-
15,siberianhusky,malamute,hammer,3,4086,5,48,Adam,0.024169,False,-
15,siberianhusky,malamute,hammer,3,4588,6,53,SGD,0.07342,False,-
15,siberianhusky,malamute,hammer,3,1605,7,44,SGD,0.011992,False,-
15,siberianhusky,malamute,hammer,3,9407,9,47,Adam,0.016012,False,-
15,siberianhusky,malamute,hammer,3,1390,5,75,SGD,0.028604,False,-
15,siberianhusky,malamute,hammer,3,6326,5,73,Adam,0.150036,False,-
15,siberianhusky,malamute,hammer,3,1167,7,42,SGD,0.02042,False,-
15,siberianhusky,malamute,hammer,3,1577,5,66,SGD,0.035264,False,-
15,siberianhusky,malamute,hammer,3,6691,5,48,Adam,0.100906,False,-
