class1,class2,class3,seed,early_epoch,max_epoch,optimizer,learning_rate,store_weight,status
strawberry,barometer,crash_helmet,7270,16,23,SGD,0.04345,True,Done
ruddy_turnstone,soft-coated_wheaten_terrier,maillot,860,17,72,Adam,0.034646,True,Done
breakwater,police_van,pug,5390,16,59,SGD,0.086909,True,Done
red_wolf,missile,mixing_bowl,5191,14,49,Adam,0.106911,True,Done
otterhound,Angora,paddle,5734,10,54,SGD,0.053436,True,Done
American_lobster,carpenter's_kit,cellular_telephone,6265,16,33,Adam,0.162354,True,Done
bolete,tow_truck,soft-coated_wheaten_terrier,466,16,80,SGD,0.019973,True,Done
trombone,vizsla,indigo_bunting,4426,18,51,SGD,0.042641,True,Done
otterhound,missile,vizsla,5578,12,51,SGD,0.028059,True,Done
strawberry,red_wolf,Airedale,8322,18,60,SGD,0.011184,True,Done
breakwater,Angora,American_lobster,1685,10,57,Adam,0.0466,True,Done
planetarium,American_lobster,barometer,769,10,53,SGD,0.045167,True,Done
sewing_machine,trombone,Airedale,6949,13,38,SGD,0.167087,True,Done
schooner,wire-haired_fox_terrier,dock,2433,18,57,SGD,0.082468,True,Done
tow_truck,crash_helmet,Angora,5311,15,78,Adam,0.021942,True,Done
planetarium,police_van,maillot,5051,12,70,SGD,0.219429,True,Done
barn_spider,planetarium,breakwater,6420,10,73,SGD,0.132235,True,Done
red_wolf,Airedale,Angora,1184,13,42,SGD,0.079315,True,Done
schooner,mixing_bowl,vizsla,4555,18,35,Adam,0.041536,True,Done
wire-haired_fox_terrier,ant,indigo_bunting,3385,12,48,SGD,0.023109,True,Done
indigo_bunting,running_shoe,vizsla,6396,18,50,Adam,0.036966,True,Done
soft-coated_wheaten_terrier,ant,pick,8666,16,66,SGD,0.118956,True,Done
Airedale,tow_truck,sewing_machine,9274,13,24,Adam,0.224848,True,Done
carpenter's_kit,bolete,ant,2558,12,72,SGD,0.171117,True,Done
sewing_machine,dock,chambered_nautilus,7849,19,47,SGD,0.033672,True,Done
pick,dock,breakwater,2047,14,43,Adam,0.020329,True,Done
borzoi,ruddy_turnstone,necklace,2747,14,34,SGD,0.055727,True,Done
barn_spider,acoustic_guitar,mixing_bowl,9167,12,25,Adam,0.012098,True,Done
police_van,ruddy_turnstone,acoustic_guitar,9998,18,62,SGD,0.064476,True,Done
lesser_panda,mashed_potato,pick,189,13,51,SGD,0.044242,True,Done
American_lobster,vizsla,necklace,2734,14,30,SGD,0.034292,True,Done
mud_turtle,chambered_nautilus,missile,3005,13,30,SGD,0.013901,True,Done
Siamese_cat,running_shoe,pug,4658,14,44,SGD,0.075086,True,Done
borzoi,Angora,planetarium,1899,16,75,Adam,0.032512,True,Done
wire-haired_fox_terrier,mashed_potato,crash_helmet,7734,18,46,Adam,0.019527,True,Done
tow_truck,red_wolf,crash_helmet,1267,16,27,SGD,0.005003,True,Done
breakwater,black_and_gold_garden_spider,ruddy_turnstone,1528,14,46,SGD,0.048703,True,Done
mixing_bowl,sea_slug,wire-haired_fox_terrier,3556,19,45,SGD,0.205523,True,Done
maillot,pug,wire-haired_fox_terrier,3890,19,20,SGD,0.18806,True,Done
police_van,Siamese_cat,Airedale,8838,16,49,Adam,0.034539,True,Done
indigo_bunting,dock,canoe,5393,19,46,SGD,0.030753,True,Done
pug,otterhound,mashed_potato,8792,14,60,Adam,0.072441,True,Done
planetarium,breakwater,sea_slug,8433,12,77,SGD,0.0224,True,Done
maillot,ruddy_turnstone,mud_turtle,7513,16,66,Adam,0.063383,True,Done
Siamese_cat,pajama,mud_turtle,2612,11,45,Adam,0.091893,True,Done
strawberry,Angora,chimpanzee,7041,18,33,Adam,0.132861,True,Done
Angora,mud_turtle,crash_helmet,9555,19,80,Adam,0.045954,True,Done
cellular_telephone,borzoi,American_lobster,6235,19,50,SGD,0.042301,True,Done
Siamese_cat,planetarium,police_van,5486,10,50,Adam,0.024665,True,Done
indigo_bunting,black_and_gold_garden_spider,sea_slug,7099,15,49,Adam,0.025694,True,Done
crash_helmet,ant,chambered_nautilus,9670,16,52,Adam,0.041536,True,Done
Appenzeller,pug,American_lobster,775,17,47,Adam,0.066796,True,Done
chimpanzee,barn_spider,running_shoe,8226,19,41,Adam,0.103402,True,Done
barn_spider,carpenter's_kit,missile,3152,18,41,Adam,0.026186,True,Done
missile,maillot,chambered_nautilus,1585,11,49,SGD,0.164335,True,Done
tow_truck,Siamese_cat,police_van,3943,19,41,SGD,0.040079,True,Done
indigo_bunting,necklace,trombone,7555,11,39,SGD,0.048943,True,Done
limpkin,mixing_bowl,planetarium,3073,14,51,Adam,0.027385,True,Done
ruddy_turnstone,black_and_gold_garden_spider,crash_helmet,1021,14,46,Adam,0.007159,True,Done
mashed_potato,sewing_machine,police_van,3843,15,72,SGD,0.100987,True,Done
Siamese_cat,maillot,schooner,7989,12,20,SGD,0.089768,True,Done
cellular_telephone,bolete,chimpanzee,9692,17,66,Adam,0.039753,True,Done
pick,trombone,dock,6873,10,68,Adam,0.052528,True,Done
American_lobster,vacuum,black_and_gold_garden_spider,5675,15,20,Adam,0.075227,True,Done
vacuum,pug,barn_spider,161,13,44,Adam,0.014264,True,Done
vizsla,tow_truck,canoe,4297,10,44,Adam,0.032607,True,Done
Appenzeller,lesser_panda,mixing_bowl,995,16,28,SGD,0.093988,True,Done
vizsla,lesser_panda,sea_slug,7629,18,38,SGD,0.018253,True,Done
tow_truck,bolete,Angora,9467,13,33,SGD,0.062966,True,Done
running_shoe,vizsla,tow_truck,1016,13,76,SGD,0.016819,True,Done
soft-coated_wheaten_terrier,canoe,tow_truck,7869,15,64,SGD,0.072305,True,Done
mud_turtle,barn_spider,Airedale,6439,12,69,SGD,0.048388,True,Done
trombone,chambered_nautilus,sewing_machine,7892,15,60,SGD,0.013676,True,Done
police_van,necklace,maillot,6863,16,33,Adam,0.126412,True,Done
carpenter's_kit,limpkin,barn_spider,7916,19,42,Adam,0.027663,True,Done
limpkin,Ibizan_hound,cellular_telephone,8529,19,57,Adam,0.026038,True,Done
strawberry,trombone,mashed_potato,878,12,31,SGD,0.058452,True,Done
barometer,mashed_potato,Ibizan_hound,9268,16,60,SGD,0.124794,True,Done
breakwater,maillot,running_shoe,4887,12,46,Adam,0.022089,True,Done
wire-haired_fox_terrier,dock,strawberry,4859,11,44,SGD,0.052305,True,Done
running_shoe,pick,maillot,6331,19,60,Adam,0.070162,True,Done
canoe,strawberry,barn_spider,8571,13,56,SGD,0.086681,True,Done
cellular_telephone,police_van,vacuum,8684,17,44,Adam,0.057335,True,Done
necklace,mashed_potato,pajama,7208,18,67,Adam,0.037119,True,Done
Airedale,breakwater,barn_spider,5276,16,33,Adam,0.025679,True,Done
tow_truck,vacuum,mixing_bowl,2062,10,59,Adam,0.053339,True,Done
strawberry,running_shoe,dock,64,12,58,Adam,0.021116,True,Done
police_van,sea_slug,missile,8006,18,45,Adam,0.00481,True,Done
Siamese_cat,barn_spider,planetarium,2568,10,54,SGD,0.070598,True,Done
Ibizan_hound,chambered_nautilus,limpkin,5463,18,31,SGD,0.102607,True,Done
sewing_machine,pick,running_shoe,2027,17,63,Adam,0.007519,True,Done
planetarium,red_wolf,sea_slug,2695,10,47,SGD,0.022197,True,Done
red_wolf,ruddy_turnstone,breakwater,9687,15,42,SGD,0.081702,True,Done
otterhound,mashed_potato,schooner,5258,14,65,Adam,0.258204,True,Done
maillot,mixing_bowl,trombone,5618,15,39,Adam,0.050622,True,Done
bolete,chambered_nautilus,borzoi,6736,19,28,Adam,0.027809,True,Done
cellular_telephone,otterhound,sewing_machine,391,14,26,Adam,0.04301,True,Done
running_shoe,lesser_panda,acoustic_guitar,5892,15,59,SGD,0.149554,True,Done
police_van,running_shoe,acoustic_guitar,3561,14,30,Adam,0.029695,True,Done
ant,running_shoe,lesser_panda,6184,14,76,SGD,0.026269,True,Done
limpkin,mud_turtle,black_and_gold_garden_spider,3099,13,20,SGD,0.033837,True,Done
planetarium,running_shoe,mud_turtle,6278,12,75,Adam,0.023222,True,Done
missile,pajama,tow_truck,8392,12,53,SGD,0.054921,True,Done
crash_helmet,tow_truck,wire-haired_fox_terrier,3104,13,48,Adam,0.182637,True,Done
barn_spider,pick,pug,7215,18,41,SGD,0.064471,True,Done
carpenter's_kit,barn_spider,lesser_panda,2454,11,55,Adam,0.040686,True,Done
crash_helmet,soft-coated_wheaten_terrier,paddle,8996,18,49,SGD,0.039421,True,Done
missile,Ibizan_hound,trombone,2731,10,66,SGD,0.014256,True,Done
lesser_panda,carpenter's_kit,black_and_gold_garden_spider,8154,10,51,Adam,0.100911,True,Done
ant,ruddy_turnstone,sewing_machine,9762,14,52,SGD,0.046781,True,Done
trombone,bolete,ant,5056,15,44,SGD,0.043093,True,Done
barn_spider,ruddy_turnstone,pick,8110,15,49,SGD,0.640495,True,Done
necklace,trombone,dock,3840,12,54,SGD,0.063229,True,Done
chimpanzee,breakwater,ant,1028,16,24,SGD,0.027285,True,Done
Siamese_cat,tow_truck,sea_slug,7385,18,29,Adam,0.035398,True,Done
breakwater,paddle,carpenter's_kit,502,19,61,Adam,0.124775,True,Done
strawberry,tow_truck,police_van,6910,17,52,SGD,0.054509,True,Done
sewing_machine,mud_turtle,ruddy_turnstone,9062,15,47,Adam,0.015755,True,Done
necklace,barometer,tow_truck,6938,17,50,SGD,0.10387,True,Done
barn_spider,American_lobster,otterhound,4488,14,55,SGD,0.029173,True,Done
planetarium,vacuum,police_van,206,17,41,Adam,0.222827,True,Done
bolete,chimpanzee,paddle,5134,19,38,Adam,0.118131,True,Done
dock,black_and_gold_garden_spider,sea_slug,5977,13,52,SGD,0.03481,True,Done
trombone,mixing_bowl,chimpanzee,7721,19,35,Adam,0.138735,True,Done
trombone,strawberry,necklace,7035,17,56,SGD,0.052564,True,Done
ruddy_turnstone,pug,strawberry,1484,19,24,Adam,0.098492,True,Done
acoustic_guitar,mixing_bowl,borzoi,7858,11,65,SGD,0.073372,True,Done
Airedale,otterhound,crash_helmet,863,14,57,Adam,0.025297,True,Done
sewing_machine,bolete,canoe,2790,18,53,SGD,0.029753,True,Done
sewing_machine,wire-haired_fox_terrier,Angora,7408,13,64,Adam,0.113491,True,Done
ruddy_turnstone,mud_turtle,chambered_nautilus,8755,15,74,SGD,0.038089,True,Done
ruddy_turnstone,running_shoe,missile,5116,10,65,Adam,0.036047,True,Done
Angora,mashed_potato,Airedale,6019,18,22,SGD,0.023189,True,Done
soft-coated_wheaten_terrier,sea_slug,canoe,1757,10,30,SGD,0.06987,True,Done
indigo_bunting,necklace,Angora,7574,14,40,Adam,0.259245,True,Done
ruddy_turnstone,planetarium,acoustic_guitar,6374,13,50,Adam,0.021194,True,Done
vacuum,mixing_bowl,bolete,6892,12,57,Adam,0.050761,True,Done
mashed_potato,mixing_bowl,sea_slug,1678,15,39,SGD,0.154089,True,Done
pug,tow_truck,schooner,3242,11,52,SGD,0.046714,True,Done
borzoi,police_van,soft-coated_wheaten_terrier,4636,12,38,SGD,0.071497,True,Done
American_lobster,lesser_panda,mixing_bowl,1059,14,40,Adam,0.021282,True,Done
borzoi,mashed_potato,necklace,6668,18,28,Adam,0.070134,True,Done
soft-coated_wheaten_terrier,chimpanzee,American_lobster,9914,11,36,SGD,0.042864,True,Done
soft-coated_wheaten_terrier,barometer,sewing_machine,3157,19,29,Adam,0.109545,True,Done
wire-haired_fox_terrier,barn_spider,trombone,5915,17,35,SGD,0.128723,True,Done
strawberry,barometer,indigo_bunting,9789,11,65,Adam,0.395206,True,Done
mixing_bowl,Ibizan_hound,paddle,2693,14,35,SGD,0.079159,True,Done
acoustic_guitar,borzoi,barn_spider,3627,16,80,Adam,0.064611,True,Done
planetarium,pajama,Ibizan_hound,9555,17,57,Adam,0.058164,True,Done
Appenzeller,pajama,acoustic_guitar,5450,10,52,SGD,0.037533,True,Done
canoe,Ibizan_hound,trombone,1663,15,37,SGD,0.065271,True,Done
acoustic_guitar,barn_spider,Airedale,9721,10,60,SGD,0.039308,True,Done
planetarium,schooner,strawberry,5592,11,41,Adam,0.05697,True,Done
red_wolf,soft-coated_wheaten_terrier,limpkin,7392,10,51,Adam,0.142855,True,Done
vizsla,cellular_telephone,breakwater,1306,14,80,SGD,0.022254,True,Done
barometer,chimpanzee,vizsla,6776,19,48,SGD,0.123923,True,Done
vizsla,Appenzeller,trombone,5864,18,67,Adam,0.1428,True,Done
cellular_telephone,pick,canoe,9474,15,39,Adam,0.0453,True,Done
Airedale,tow_truck,indigo_bunting,7526,10,49,Adam,0.009118,True,Done
Airedale,barometer,dock,8901,10,76,SGD,0.030615,True,Done
mud_turtle,pick,wire-haired_fox_terrier,5575,11,40,Adam,0.14052,True,Done
police_van,canoe,Appenzeller,5530,18,77,Adam,0.048885,True,Done
pug,ruddy_turnstone,pajama,4413,12,60,Adam,0.022383,True,Done
lesser_panda,ruddy_turnstone,soft-coated_wheaten_terrier,3748,10,41,Adam,0.033246,True,Done
strawberry,crash_helmet,mashed_potato,663,14,59,Adam,0.097539,True,Done
barometer,maillot,ant,1998,16,64,SGD,0.077103,True,Done
mashed_potato,crash_helmet,mud_turtle,7994,15,59,Adam,0.041125,True,Done
pug,red_wolf,carpenter's_kit,1495,10,26,SGD,0.037125,True,Done
cellular_telephone,ruddy_turnstone,soft-coated_wheaten_terrier,3304,14,39,Adam,0.036392,True,Done
bolete,mashed_potato,sea_slug,3763,14,46,SGD,0.023803,True,Done
black_and_gold_garden_spider,police_van,wire-haired_fox_terrier,5232,15,48,SGD,0.181282,True,Done
maillot,acoustic_guitar,trombone,1853,12,59,SGD,0.038471,True,Done
cellular_telephone,American_lobster,mashed_potato,6585,14,52,SGD,0.131826,True,Done
tow_truck,trombone,canoe,1291,16,29,Adam,0.168142,True,Done
paddle,ant,trombone,3581,14,55,Adam,0.110654,True,Done
pug,maillot,chimpanzee,7554,14,59,SGD,0.03525,True,Done
mud_turtle,chimpanzee,trombone,7280,14,58,SGD,0.068768,True,Done
Ibizan_hound,ant,pick,1636,19,66,SGD,0.048833,True,Done
schooner,otterhound,mixing_bowl,3696,19,62,SGD,0.024162,True,Done
necklace,cellular_telephone,Ibizan_hound,698,12,56,SGD,0.064537,True,Done
trombone,red_wolf,wire-haired_fox_terrier,4737,10,48,Adam,0.019385,True,Done
acoustic_guitar,pajama,paddle,854,14,25,Adam,0.128753,True,Done
carpenter's_kit,chimpanzee,pick,8164,18,56,SGD,0.034331,True,Done
mixing_bowl,sea_slug,chimpanzee,5855,10,53,SGD,0.05848,True,Done
otterhound,sewing_machine,mashed_potato,7392,12,54,Adam,0.062451,True,Done
lesser_panda,crash_helmet,dock,6528,13,30,SGD,0.040473,True,Done
ant,breakwater,vacuum,5249,10,33,Adam,0.079608,True,Done
vacuum,wire-haired_fox_terrier,sewing_machine,5172,10,65,SGD,0.03405,True,Done
mud_turtle,limpkin,acoustic_guitar,1707,17,49,Adam,0.099962,True,Done
planetarium,trombone,missile,5791,11,60,Adam,0.016962,True,Done
otterhound,mud_turtle,trombone,9925,17,50,SGD,0.055084,True,Done
Angora,paddle,canoe,5535,16,50,Adam,0.234839,True,Done
missile,Siamese_cat,barn_spider,4931,19,64,SGD,0.022365,True,Done
wire-haired_fox_terrier,chimpanzee,vizsla,3510,19,42,SGD,0.02895,True,Done
cellular_telephone,borzoi,Appenzeller,202,11,51,SGD,0.075105,True,Done
soft-coated_wheaten_terrier,barn_spider,limpkin,4218,15,43,Adam,0.057479,True,Done
paddle,indigo_bunting,tow_truck,8958,15,43,Adam,0.065908,True,Done
breakwater,Ibizan_hound,Angora,4389,12,45,Adam,0.073634,True,Done
carpenter's_kit,cellular_telephone,bolete,2327,11,53,SGD,0.082726,True,Done
schooner,red_wolf,chambered_nautilus,8004,10,42,SGD,0.120967,True,Done
pick,barn_spider,borzoi,2931,15,68,SGD,0.069104,True,Done
dock,schooner,sea_slug,7777,14,36,SGD,0.041048,True,Done
Siamese_cat,indigo_bunting,strawberry,197,18,47,SGD,0.085269,True,Done
indigo_bunting,mashed_potato,vizsla,7125,10,43,SGD,0.227616,True,Done
pajama,schooner,black_and_gold_garden_spider,1930,16,71,Adam,0.044775,True,Done
breakwater,running_shoe,mixing_bowl,6287,14,52,SGD,0.022831,True,Done
barn_spider,pug,breakwater,8800,14,65,Adam,0.120713,True,Done
necklace,breakwater,trombone,9339,11,27,SGD,0.045216,True,Done
black_and_gold_garden_spider,mixing_bowl,crash_helmet,4282,12,54,SGD,0.008755,True,Done
ant,Siamese_cat,vacuum,2511,16,63,SGD,0.098071,True,Done
paddle,maillot,mud_turtle,9986,15,51,Adam,0.032443,True,Done
mashed_potato,mixing_bowl,vacuum,659,11,65,Adam,0.046309,True,Done
planetarium,acoustic_guitar,limpkin,2811,15,42,Adam,0.064932,True,Done
vacuum,ruddy_turnstone,Siamese_cat,7098,11,71,Adam,0.057983,True,Done
barn_spider,Angora,Airedale,6546,11,80,Adam,0.087822,True,Done
indigo_bunting,black_and_gold_garden_spider,chambered_nautilus,9561,11,44,SGD,0.035141,True,Done
Angora,barn_spider,Airedale,1986,12,43,SGD,0.075056,True,Done
vacuum,tow_truck,bolete,8338,11,71,Adam,0.040452,True,Done
otterhound,barn_spider,Airedale,2911,13,73,Adam,0.08991,True,Done
canoe,ant,police_van,1734,18,42,Adam,0.081455,True,Done
missile,necklace,borzoi,1843,15,43,SGD,0.023557,True,Done
vizsla,red_wolf,schooner,8680,10,45,SGD,0.118693,True,Done
borzoi,bolete,sewing_machine,2976,17,29,SGD,0.032427,True,Done
tow_truck,Ibizan_hound,canoe,1959,16,36,Adam,0.095031,True,Done
police_van,breakwater,Ibizan_hound,5759,19,34,SGD,0.066792,True,Done
running_shoe,sewing_machine,Ibizan_hound,6694,12,38,SGD,0.216654,True,Done
red_wolf,indigo_bunting,lesser_panda,2385,10,49,Adam,0.041637,True,Done
schooner,Appenzeller,Siamese_cat,4736,14,53,SGD,0.037649,True,Done
carpenter's_kit,red_wolf,limpkin,1802,13,73,Adam,0.04902,True,Done
sea_slug,barometer,chimpanzee,8155,19,35,SGD,0.039064,True,Done
Siamese_cat,red_wolf,Ibizan_hound,8120,17,64,Adam,0.094416,True,Done
police_van,acoustic_guitar,crash_helmet,6616,10,46,SGD,0.013663,True,Done
vizsla,chambered_nautilus,Airedale,5534,19,49,SGD,0.02143,True,Done
mashed_potato,chambered_nautilus,Appenzeller,4061,10,60,SGD,0.02119,True,Done
red_wolf,canoe,trombone,262,13,33,SGD,0.106485,True,Done
wire-haired_fox_terrier,pick,maillot,6287,17,55,Adam,0.195634,True,Done
planetarium,breakwater,necklace,8815,14,52,Adam,0.045796,True,Done
paddle,police_van,Appenzeller,9208,11,57,Adam,0.043497,True,Done
pick,lesser_panda,carpenter's_kit,2049,15,54,Adam,0.052657,True,Done
trombone,Appenzeller,missile,5423,14,80,SGD,0.126123,True,Done
dock,mashed_potato,necklace,4548,11,40,Adam,0.023709,True,Done
breakwater,pajama,running_shoe,3108,12,42,SGD,0.060247,True,Done
ruddy_turnstone,red_wolf,ant,7158,18,40,SGD,0.108626,True,Done
sewing_machine,breakwater,ant,7400,16,41,SGD,0.074339,True,Done
canoe,Siamese_cat,red_wolf,3170,16,40,Adam,0.057941,True,Done
Airedale,Siamese_cat,Ibizan_hound,9874,15,67,SGD,0.110896,True,Done
ruddy_turnstone,missile,limpkin,2255,17,71,SGD,0.005727,True,Done
Appenzeller,acoustic_guitar,police_van,1154,13,41,Adam,0.085632,True,Done
running_shoe,barometer,vizsla,4499,17,37,SGD,0.029503,True,Done
dock,tow_truck,indigo_bunting,6295,13,57,SGD,0.01151,True,Done
dock,soft-coated_wheaten_terrier,Siamese_cat,6197,17,41,Adam,0.074942,True,Done
Appenzeller,barn_spider,cellular_telephone,9888,18,59,SGD,0.149408,True,Done
Appenzeller,paddle,borzoi,1648,12,53,Adam,0.044603,True,Done
barn_spider,necklace,limpkin,5539,12,27,Adam,0.106704,True,Done
trombone,pug,carpenter's_kit,9637,11,73,Adam,0.180834,True,Done
sewing_machine,breakwater,schooner,4199,19,76,Adam,0.142549,True,Done
ruddy_turnstone,indigo_bunting,American_lobster,8445,12,40,Adam,0.184884,True,Done
planetarium,crash_helmet,acoustic_guitar,2557,12,44,Adam,0.090148,True,Done
bolete,pug,indigo_bunting,5592,14,54,SGD,0.052884,True,Done
planetarium,chimpanzee,strawberry,98,14,55,SGD,0.013821,True,Done
lesser_panda,Appenzeller,chimpanzee,2200,11,59,SGD,0.040891,True,Done
carpenter's_kit,wire-haired_fox_terrier,red_wolf,2961,19,80,Adam,0.02536,True,Done
pick,bolete,cellular_telephone,4973,15,47,Adam,0.282735,True,Done
tow_truck,lesser_panda,schooner,4433,14,38,SGD,0.043252,True,Done
Angora,barn_spider,strawberry,2869,15,29,Adam,0.054944,True,Done
schooner,indigo_bunting,chimpanzee,956,10,39,Adam,0.077397,True,Done
wire-haired_fox_terrier,crash_helmet,pug,8352,14,49,SGD,0.051554,True,Done
carpenter's_kit,soft-coated_wheaten_terrier,barometer,5699,18,76,Adam,0.193214,True,Done
police_van,mashed_potato,trombone,6944,19,42,SGD,0.030254,True,Done
American_lobster,tow_truck,mud_turtle,4493,11,53,SGD,0.058174,True,Done
dock,canoe,sea_slug,9492,10,49,Adam,0.027489,True,Done
Ibizan_hound,chambered_nautilus,strawberry,4911,19,67,Adam,0.017318,True,Done
mashed_potato,American_lobster,Angora,3987,18,80,SGD,0.030519,True,Done
breakwater,bolete,borzoi,9719,19,42,Adam,0.048334,True,Done
mashed_potato,pajama,maillot,6015,18,42,Adam,0.035315,True,Done
black_and_gold_garden_spider,dock,Airedale,1218,18,65,SGD,0.028612,True,Done
paddle,police_van,indigo_bunting,4496,15,60,Adam,0.016163,True,Done
limpkin,breakwater,mashed_potato,4735,17,77,SGD,0.046585,True,Done
maillot,lesser_panda,Airedale,4555,10,58,SGD,0.014939,True,Done
ant,barn_spider,missile,9146,19,44,Adam,0.091451,True,Done
Airedale,vacuum,barn_spider,8050,13,58,Adam,0.053181,True,Done
Siamese_cat,breakwater,carpenter's_kit,3446,10,66,Adam,0.015514,True,Done
paddle,trombone,red_wolf,1045,17,62,Adam,0.038876,True,Done
canoe,Appenzeller,chambered_nautilus,6893,10,57,Adam,0.027277,True,Done
ant,pajama,chambered_nautilus,1693,12,66,SGD,0.06427,True,Done
sewing_machine,barometer,ruddy_turnstone,3436,13,67,Adam,0.145491,True,Done
canoe,Airedale,crash_helmet,8754,17,70,SGD,0.011107,True,Done
schooner,Airedale,mixing_bowl,5895,15,59,SGD,0.054586,True,Done
sea_slug,black_and_gold_garden_spider,cellular_telephone,3354,19,47,SGD,0.043801,True,Busy
missile,barn_spider,maillot,225,16,52,SGD,0.085185,True,-
Ibizan_hound,chambered_nautilus,mixing_bowl,4893,17,68,Adam,0.059046,True,-
Siamese_cat,barn_spider,schooner,7022,11,37,SGD,0.027281,True,-
limpkin,dock,bolete,9151,19,55,SGD,0.038571,True,-
chambered_nautilus,vacuum,Appenzeller,5600,17,44,Adam,0.026336,True,-
missile,otterhound,vizsla,7996,12,50,Adam,0.11775,True,-
pick,schooner,barn_spider,9007,16,69,SGD,0.050643,True,-
chimpanzee,trombone,lesser_panda,7683,12,52,Adam,0.227855,True,-
American_lobster,limpkin,mixing_bowl,4642,16,50,Adam,0.047429,True,-
black_and_gold_garden_spider,barometer,mashed_potato,7679,11,29,Adam,0.028248,True,-
acoustic_guitar,mixing_bowl,canoe,8208,19,61,Adam,0.014832,True,-
barometer,schooner,breakwater,7339,15,59,SGD,0.011766,True,-
Airedale,chimpanzee,ruddy_turnstone,9435,12,80,SGD,0.014019,True,-
vizsla,pug,maillot,2205,12,45,SGD,0.061649,True,-
cellular_telephone,ant,pug,1069,18,53,Adam,0.074794,True,-
acoustic_guitar,police_van,Siamese_cat,3444,16,53,Adam,0.014053,True,-
schooner,pajama,cellular_telephone,1060,14,73,Adam,0.101879,True,-
sewing_machine,acoustic_guitar,limpkin,2327,19,48,Adam,0.033829,True,-
Airedale,maillot,lesser_panda,3420,16,54,Adam,0.055991,True,-
Siamese_cat,black_and_gold_garden_spider,crash_helmet,301,18,59,SGD,0.180825,True,-
otterhound,strawberry,cellular_telephone,606,10,52,Adam,0.102026,True,-
otterhound,vizsla,American_lobster,3170,16,43,SGD,0.040162,True,-
pajama,chimpanzee,sea_slug,699,15,52,Adam,0.024405,True,-
bolete,police_van,necklace,5088,19,66,Adam,0.008902,True,-
Airedale,soft-coated_wheaten_terrier,running_shoe,9331,18,34,Adam,0.028006,True,-
mixing_bowl,otterhound,schooner,190,10,51,SGD,0.04205,True,-
necklace,Angora,Siamese_cat,980,13,39,SGD,0.022601,True,-
chambered_nautilus,strawberry,sea_slug,2975,18,67,SGD,0.044824,True,-
carpenter's_kit,otterhound,limpkin,6102,13,27,Adam,0.052944,True,-
limpkin,vacuum,canoe,1184,19,41,Adam,0.04159,True,-
pajama,running_shoe,ruddy_turnstone,3327,12,55,SGD,0.029599,True,-
limpkin,pug,tow_truck,3394,18,73,Adam,0.056979,True,-
pick,chambered_nautilus,tow_truck,8319,11,49,SGD,0.070903,True,-
carpenter's_kit,Angora,wire-haired_fox_terrier,1816,13,41,Adam,0.02081,True,-
running_shoe,borzoi,carpenter's_kit,5854,15,78,Adam,0.15393,True,-
chimpanzee,missile,barn_spider,6709,11,28,Adam,0.046011,True,-
pug,mixing_bowl,Siamese_cat,569,17,20,Adam,0.050544,True,-
Ibizan_hound,crash_helmet,paddle,5442,17,56,SGD,0.087736,True,-
vizsla,indigo_bunting,black_and_gold_garden_spider,1895,10,42,Adam,0.059999,True,-
red_wolf,vacuum,chimpanzee,2733,12,34,Adam,0.106726,True,-
lesser_panda,mashed_potato,chimpanzee,3863,19,60,Adam,0.062643,True,-
carpenter's_kit,paddle,running_shoe,7455,18,53,Adam,0.030502,True,-
paddle,acoustic_guitar,strawberry,4014,14,41,SGD,0.066484,True,-
Siamese_cat,sewing_machine,Angora,1686,15,30,SGD,0.019941,True,-
sewing_machine,ruddy_turnstone,trombone,3009,13,63,SGD,0.054304,True,-
missile,planetarium,barn_spider,7806,19,59,SGD,0.048481,True,-
pajama,mixing_bowl,tow_truck,154,11,48,Adam,0.042151,True,-
planetarium,sea_slug,Ibizan_hound,1409,17,77,SGD,0.044922,True,-
vacuum,schooner,crash_helmet,784,15,33,Adam,0.011048,True,-
limpkin,otterhound,soft-coated_wheaten_terrier,8096,14,27,Adam,0.032097,True,-
vizsla,otterhound,bolete,7560,18,39,SGD,0.053626,True,-
otterhound,schooner,breakwater,7343,10,49,Adam,0.056579,True,-
tow_truck,wire-haired_fox_terrier,vizsla,7206,14,53,SGD,0.021881,True,-
ruddy_turnstone,Angora,lesser_panda,5596,15,46,Adam,0.137047,True,-
trombone,cellular_telephone,mashed_potato,5801,14,55,SGD,0.024899,True,-
pug,police_van,vizsla,2806,15,31,SGD,0.108129,True,-
dock,borzoi,Airedale,537,15,71,SGD,0.070071,True,-
borzoi,tow_truck,running_shoe,5986,16,48,SGD,0.029689,True,-
planetarium,chimpanzee,crash_helmet,1841,13,66,SGD,0.206026,True,-
acoustic_guitar,carpenter's_kit,otterhound,8716,17,55,Adam,0.01916,True,-
vacuum,pug,breakwater,6971,16,56,SGD,0.103864,True,-
schooner,chimpanzee,pick,5625,18,58,Adam,0.110855,True,-
Airedale,mud_turtle,police_van,2950,16,56,SGD,0.029115,True,-
chambered_nautilus,vacuum,missile,7992,12,59,SGD,0.151673,True,-
crash_helmet,soft-coated_wheaten_terrier,mashed_potato,4780,12,69,SGD,0.040761,True,-
acoustic_guitar,ant,crash_helmet,2368,17,52,Adam,0.062722,True,-
ruddy_turnstone,Appenzeller,missile,6655,14,60,Adam,0.061314,True,-
vizsla,wire-haired_fox_terrier,carpenter's_kit,8173,13,48,SGD,0.044715,True,-
lesser_panda,Appenzeller,Siamese_cat,4495,17,71,Adam,0.09524,True,-
wire-haired_fox_terrier,Airedale,carpenter's_kit,9163,15,39,Adam,0.09393,True,-
soft-coated_wheaten_terrier,Siamese_cat,pajama,6002,11,77,Adam,0.012292,True,-
limpkin,black_and_gold_garden_spider,dock,6614,13,49,SGD,0.141348,True,-
vacuum,Airedale,pajama,9358,13,28,SGD,0.013168,True,-
lesser_panda,mashed_potato,Angora,5919,15,51,Adam,0.113726,True,-
chambered_nautilus,missile,limpkin,853,15,39,Adam,0.122624,True,-
barometer,Ibizan_hound,canoe,4146,10,62,Adam,0.020801,True,-
ant,trombone,strawberry,3769,17,40,SGD,0.035841,True,-
planetarium,canoe,Ibizan_hound,574,15,43,SGD,0.020557,True,-
schooner,chambered_nautilus,otterhound,1148,12,21,Adam,0.041922,True,-
trombone,pick,Siamese_cat,6293,18,43,Adam,0.038913,True,-
mixing_bowl,soft-coated_wheaten_terrier,breakwater,6457,11,20,Adam,0.092896,True,-
missile,ant,ruddy_turnstone,7509,17,26,SGD,0.142025,True,-
ant,pug,indigo_bunting,9907,19,61,SGD,0.152064,True,-
pick,mud_turtle,sea_slug,4777,12,61,Adam,0.031754,True,-
trombone,police_van,breakwater,3854,14,56,Adam,0.042114,True,-
Ibizan_hound,running_shoe,cellular_telephone,2491,15,35,Adam,0.012949,True,-
black_and_gold_garden_spider,American_lobster,paddle,3124,19,49,SGD,0.026129,True,-
Siamese_cat,chambered_nautilus,Angora,5691,15,49,Adam,0.107731,True,-
vacuum,Siamese_cat,running_shoe,3051,13,32,SGD,0.181312,True,-
sewing_machine,Airedale,mixing_bowl,4,12,72,SGD,0.018546,True,-
necklace,otterhound,vacuum,5222,13,63,Adam,0.030994,True,-
schooner,chambered_nautilus,pug,5315,10,46,Adam,0.048746,True,-
Appenzeller,Angora,crash_helmet,4869,13,50,Adam,0.062295,True,-
barn_spider,bolete,planetarium,876,10,53,SGD,0.026051,True,-
chimpanzee,mixing_bowl,sea_slug,9183,10,20,SGD,0.069896,True,-
mixing_bowl,Ibizan_hound,missile,7027,19,46,SGD,0.034079,True,-
vizsla,pug,breakwater,4142,15,39,SGD,0.049215,True,-
pug,dock,borzoi,6966,14,34,Adam,0.077075,True,-
chambered_nautilus,bolete,otterhound,7079,13,45,SGD,0.050044,True,-
mud_turtle,bolete,Airedale,7987,12,76,SGD,0.035116,True,-
Ibizan_hound,limpkin,barn_spider,6799,10,59,Adam,0.045607,True,-
breakwater,mixing_bowl,borzoi,4465,15,41,SGD,0.046389,True,-
red_wolf,cellular_telephone,crash_helmet,635,11,58,SGD,0.037031,True,-
mud_turtle,acoustic_guitar,necklace,1693,17,70,SGD,0.040476,True,-
tow_truck,Airedale,indigo_bunting,9874,19,63,SGD,0.178872,True,-
Ibizan_hound,canoe,mud_turtle,4752,14,50,SGD,0.077983,True,-
Airedale,sea_slug,otterhound,8311,16,40,SGD,0.039306,True,-
maillot,chimpanzee,lesser_panda,830,19,60,Adam,0.086949,True,-
lesser_panda,trombone,chambered_nautilus,5177,11,55,Adam,0.038118,True,-
borzoi,vacuum,police_van,9561,17,63,SGD,0.127263,True,-
limpkin,barometer,canoe,8932,11,59,Adam,0.066918,True,-
mixing_bowl,Siamese_cat,police_van,8308,13,65,Adam,0.045692,True,-
red_wolf,breakwater,ant,5949,10,41,Adam,0.071231,True,-
cellular_telephone,schooner,barn_spider,2838,14,69,Adam,0.014169,True,-
carpenter's_kit,red_wolf,vizsla,1150,18,52,SGD,0.020213,True,-
indigo_bunting,Ibizan_hound,soft-coated_wheaten_terrier,7560,10,80,SGD,0.019156,True,-
ant,acoustic_guitar,limpkin,1931,18,39,Adam,0.055819,True,-
bolete,red_wolf,trombone,9204,17,76,Adam,0.199092,True,-
dock,borzoi,chambered_nautilus,1664,15,52,Adam,0.296722,True,-
soft-coated_wheaten_terrier,necklace,mud_turtle,1081,16,40,SGD,0.082947,True,-
lesser_panda,canoe,strawberry,512,12,42,SGD,0.074324,True,-
vacuum,strawberry,black_and_gold_garden_spider,7805,10,45,Adam,0.011786,True,-
breakwater,sea_slug,maillot,5237,14,56,SGD,0.032253,True,-
borzoi,Ibizan_hound,dock,559,11,57,SGD,0.02651,True,-
borzoi,tow_truck,limpkin,3672,14,41,SGD,0.030298,True,-
ruddy_turnstone,canoe,paddle,7404,17,49,SGD,0.043521,True,-
schooner,pick,dock,3343,18,80,Adam,0.034127,True,-
missile,canoe,wire-haired_fox_terrier,4070,11,75,SGD,0.01022,True,-
police_van,red_wolf,ant,9662,12,56,Adam,0.090566,True,-
Angora,bolete,Siamese_cat,580,12,50,SGD,0.021106,True,-
chambered_nautilus,police_van,soft-coated_wheaten_terrier,7004,10,51,SGD,0.060289,True,-
paddle,tow_truck,barn_spider,8130,17,59,SGD,0.261654,True,-
Angora,wire-haired_fox_terrier,otterhound,3147,15,34,SGD,0.023861,True,-
vizsla,acoustic_guitar,missile,4249,17,46,Adam,0.006577,True,-
mashed_potato,strawberry,Siamese_cat,1679,18,24,SGD,0.039605,True,-
Angora,bolete,strawberry,3506,14,55,SGD,0.120124,True,-
vacuum,planetarium,schooner,7253,12,59,SGD,0.238515,True,-
chimpanzee,Appenzeller,soft-coated_wheaten_terrier,2744,14,42,Adam,0.018618,True,-
ant,running_shoe,otterhound,9435,14,73,Adam,0.074078,True,-
barometer,American_lobster,mashed_potato,5188,14,31,Adam,0.034312,True,-
borzoi,barn_spider,black_and_gold_garden_spider,2141,12,28,SGD,0.045741,True,-
Ibizan_hound,carpenter's_kit,wire-haired_fox_terrier,6617,19,53,SGD,0.41291,True,-
pajama,planetarium,missile,2479,13,65,Adam,0.01496,True,-
paddle,red_wolf,wire-haired_fox_terrier,6484,18,75,SGD,0.060992,True,-
barn_spider,chambered_nautilus,lesser_panda,9827,19,43,SGD,0.072379,True,-
borzoi,vizsla,breakwater,7421,18,66,SGD,0.118674,True,-
Angora,ruddy_turnstone,breakwater,9949,11,49,SGD,0.053847,True,-
ruddy_turnstone,trombone,sea_slug,4452,17,47,SGD,0.063701,True,-
breakwater,otterhound,wire-haired_fox_terrier,5881,17,63,SGD,0.036395,True,-
police_van,planetarium,tow_truck,6665,16,59,Adam,0.061748,True,-
vacuum,barometer,lesser_panda,2849,17,26,SGD,0.037834,True,-
chimpanzee,Angora,mashed_potato,7390,12,72,SGD,0.08186,True,-
schooner,ruddy_turnstone,breakwater,6905,15,70,SGD,0.037043,True,-
chimpanzee,cellular_telephone,red_wolf,2489,10,40,SGD,0.067319,True,-
limpkin,strawberry,barn_spider,9823,16,55,SGD,0.048635,True,-
red_wolf,carpenter's_kit,barometer,9207,10,57,Adam,0.122559,True,-
carpenter's_kit,otterhound,schooner,9540,18,53,Adam,0.047782,True,-
otterhound,Appenzeller,trombone,4611,10,41,Adam,0.012053,True,-
pick,Airedale,sea_slug,2839,10,39,Adam,0.136632,True,-
carpenter's_kit,wire-haired_fox_terrier,indigo_bunting,8527,16,49,SGD,0.024123,True,-
acoustic_guitar,running_shoe,crash_helmet,5878,11,67,SGD,0.02951,True,-
acoustic_guitar,chambered_nautilus,otterhound,9087,14,58,Adam,0.030915,True,-
indigo_bunting,vizsla,crash_helmet,6303,17,44,Adam,0.149501,True,-
barometer,vizsla,Angora,851,17,61,SGD,0.009018,True,-
cellular_telephone,paddle,ruddy_turnstone,1687,12,20,Adam,0.612748,True,-
wire-haired_fox_terrier,Siamese_cat,maillot,6833,16,67,SGD,0.115885,True,-
indigo_bunting,trombone,wire-haired_fox_terrier,2427,12,23,SGD,0.059522,True,-
necklace,Angora,strawberry,9760,15,44,SGD,0.047648,True,-
Angora,dock,soft-coated_wheaten_terrier,4000,15,33,Adam,0.062565,True,-
chimpanzee,vacuum,soft-coated_wheaten_terrier,5052,12,30,Adam,0.075539,True,-
lesser_panda,American_lobster,maillot,2738,16,67,SGD,0.083423,True,-
necklace,missile,otterhound,5732,12,42,SGD,0.077652,True,-
ant,acoustic_guitar,Ibizan_hound,5387,17,55,Adam,0.053486,True,-
pajama,cellular_telephone,necklace,8002,19,49,SGD,0.042516,True,-
police_van,American_lobster,black_and_gold_garden_spider,5536,13,57,Adam,0.044112,True,-
mud_turtle,Airedale,planetarium,3913,10,51,SGD,0.042599,True,-
ruddy_turnstone,limpkin,otterhound,1066,13,30,Adam,0.123319,True,-
acoustic_guitar,canoe,pug,7723,16,64,SGD,0.080046,True,-
breakwater,tow_truck,borzoi,4380,13,42,Adam,0.004737,True,-
Siamese_cat,vizsla,wire-haired_fox_terrier,4107,15,26,Adam,0.084139,True,-
maillot,wire-haired_fox_terrier,pick,5726,18,43,Adam,0.05818,True,-
mixing_bowl,American_lobster,missile,3373,10,72,Adam,0.049047,True,-
pick,sea_slug,ruddy_turnstone,8945,14,62,SGD,0.036486,True,-
police_van,pug,breakwater,2082,16,44,SGD,0.12237,True,-
American_lobster,wire-haired_fox_terrier,acoustic_guitar,8967,10,44,Adam,0.106248,True,-
wire-haired_fox_terrier,ruddy_turnstone,lesser_panda,6748,13,45,Adam,0.026828,True,-
red_wolf,Angora,American_lobster,9817,15,80,SGD,0.068951,True,-
strawberry,wire-haired_fox_terrier,vizsla,417,11,55,SGD,0.022884,True,-
limpkin,Appenzeller,paddle,8306,19,56,SGD,0.016512,True,-
mixing_bowl,ant,paddle,8808,14,65,Adam,0.030156,True,-
vizsla,dock,tow_truck,3974,19,53,Adam,0.099253,True,-
Angora,breakwater,schooner,3267,10,46,SGD,0.106725,True,-
chimpanzee,dock,Ibizan_hound,825,15,47,Adam,0.075055,True,-
pug,necklace,soft-coated_wheaten_terrier,7668,15,48,SGD,0.088928,True,-
soft-coated_wheaten_terrier,chimpanzee,chambered_nautilus,5745,13,49,Adam,0.075241,True,-
pug,strawberry,barn_spider,9708,17,60,SGD,0.029802,True,-
police_van,necklace,red_wolf,412,13,50,Adam,0.070337,True,-
breakwater,American_lobster,trombone,7543,17,60,SGD,0.094451,True,-
acoustic_guitar,schooner,police_van,7587,17,48,Adam,0.09103,True,-
Ibizan_hound,lesser_panda,acoustic_guitar,728,14,51,SGD,0.128881,True,-
maillot,borzoi,Ibizan_hound,7164,13,20,Adam,0.087742,True,-
dock,strawberry,chambered_nautilus,8867,11,63,SGD,0.065951,True,-
paddle,Ibizan_hound,Airedale,5988,12,55,SGD,0.117199,True,-
soft-coated_wheaten_terrier,schooner,American_lobster,2504,12,64,SGD,0.048742,True,-
sewing_machine,vacuum,barn_spider,2967,13,20,SGD,0.024588,True,-
American_lobster,strawberry,wire-haired_fox_terrier,2786,13,80,SGD,0.043698,True,-
American_lobster,police_van,dock,1122,19,47,SGD,0.027435,True,-
barometer,running_shoe,pick,4079,14,66,Adam,0.029009,True,-
Airedale,cellular_telephone,pug,1571,13,34,SGD,0.044351,True,-
breakwater,missile,trombone,5073,19,59,Adam,0.026412,True,-
sewing_machine,dock,Angora,5104,17,34,Adam,0.038915,True,-
